id;campo;elemento;pai;min;max;regex;namespace;ativo
1;enviNFe;Raiz;;;;;http://www.portalfiscal.inf.br/nfe;1
2;versao;A;1;1;1;^4\.00$;;1
3;idLote;E;1;1;1;^[0-9]{1,15}$;;1
4;indSinc;E;1;1;1;^(0|1)$;;1
5;NFe;G;1;1;50;;;1
6;consReciNFe;Raiz;;;;;http://www.portalfiscal.inf.br/nfe;1
7;versao;A;6;1;1;^[0-9]{1,2}\.[0-9]{2}$;;1
8;tpAmb;E;6;1;1;^(1|2)$;;1
9;nRec;E;6;1;1;^[0-9]{15}$;;1
10;inutNFe;Raiz;;;;;http://www.portalfiscal.inf.br/nfe;1
11;versao;A;10;1;1;^[0-9]{1,2}\.[0-9]{2}$;;1
12;infInut;G;10;1;1;;;1
13;Id;A;12;1;1;^[a-zA-Z0-9]{43}$;;1
14;tpAmb;E;12;1;1;^(1|2)$;;1
15;xServ;E;12;1;1;^INUTILIZAR$;;1
16;cUF;E;12;1;1;^[0-9]{2}$;;1
17;ano;E;12;1;1;^[0-9]{2}$;;1
18;CNPJ;E;12;1;1;^[0-9]{14}$;;1
19;mod;E;12;1;1;^(55|65)$;;1
20;serie;E;12;1;1;^[0-9]{1,3}$;;1
21;nNFIni;E;12;1;1;^[0-9]{1,9}$;;1
22;nNFFin;E;12;1;1;^[0-9]{1,9}$;;1
23;xJust;E;12;1;1;^[a-zA-Z0-9]{15,255}$;;1
24;Signature;G;10;1;1;;http://www.w3.org/2000/09/xmldsig#;1
25;consSitNFe;Raiz;;;;;http://www.portalfiscal.inf.br/nfe;1
26;versao;A;25;1;1;^[0-9]{1,2}\.[0-9]{2}$;;1
27;tpAmb;E;25;1;1;^(1|2)$;;1
28;xServ;E;25;1;1;^CONSULTAR$;;1
29;chNFe;E;25;1;1;^[0-9]{44}$;;1
30;consStatServ;Raiz;;;;;http://www.portalfiscal.inf.br/nfe;1
31;versao;A;30;1;1;^[0-9]{1,2}\.[0-9]{2}$;;1
32;tpAmb;E;30;1;1;^(1|2)$;;1
33;cUF;E;30;1;1;^[0-9]{2}$;;1
34;xServ;E;30;1;1;^STATUS$;;1
35;ConsCad;Raiz;;;;;http://www.portalfiscal.inf.br/nfe;1
36;versao;A;35;1;1;^[0-9]{1,2}\.[0-9]{2}$;;1
37;infCons;G;35;1;1;;;1
38;xServ;E;37;1;1;^CONS-CAD$;;1
39;UF;E;37;1;1;^(SC|RS|MG|DF|SP|RN|GO|AM|PA|PE|PB|AP|ES|TO|MT|RR|PI|PR|CE|BA|RJ|AC|MA|AL|RO|SE|MS)$;;1
40;IE;CE;37;1;1;^[0-9]{2,14}$;;1
41;CNPJ;CE;37;1;1;^[0-9]{14}$;;1
42;CPF;CE;37;1;1;^[0-9]{11}$;;1
43;distDFeInt;Raiz;;;;;http://www.portalfiscal.inf.br/nfe;1
44;versao;A;43;1;1;^[0-9]{1,2}\.[0-9]{2}$;;1
45;tpAmb;E;43;1;1;^(1|2)$;;1
46;cUFAutor;E;43;0;1;^[0-9]{2}$;;1
47;CNPJ;CE;43;1;1;^[0-9]{14}$;;1
48;CPF;CE;43;1;1;^[0-9]{11}$;;1
49;distNSU;CG;43;1;1;;;1
50;ultNSU;E;49;1;1;^[0-9]{1,15}$;;1
51;consNSU;CG;43;1;1;;;1
52;NSU;E;51;1;1;^[0-9]{1,15}$;;1
53;consChNFe;CG;43;1;1;;;1
54;chNFe;E;53;1;1;^[0-9]{44}$;;1
55;envEvento;Raiz;;;;;http://www.portalfiscal.inf.br/nfe;1
56;versao;A;55;1;1;^[0-9]{1,2}\.[0-9]{2}$;;1
57;idLote;E;55;1;1;^[0-9]{1,15}$;;1
58;evento;G;55;1;20;;;1
59;versao;A;58;1;1;^[0-9]{1,2}\.[0-9]{2}$;;1
60;infEvento;G;58;1;1;;;1
61;Id;A;60;1;1;^[a-zA-Z0-9]{54}$;;1
62;cOrgao;E;60;1;1;^[0-9]{2}$;;1
63;tpAmb;E;60;1;1;^(1|2)$;;1
64;CNPJ;CE;60;1;1;^[0-9]{14}$;;1
65;CPF;CE;60;1;1;^[0-9]{11}$;;1
66;chNFe;E;60;1;1;^[0-9]{44}$;;1
67;dhEvento;E;60;1;1;^[0-9]{4}\-(0[1-9]|1[0-2])\-(0[1-9]|[1-2][0-9]|3[0-1])T([0-1][0-9]|2[0-3]):([0-5][0-9]):([0-5][0-9])[\+\-](0[0-9]|1[0-2]):([0-5][0-9])$;;1
68;tpEvento;E;60;1;1;^(110110|110111|110112|110140|111500|111501|111502|111503|110150)$;;1
69;nSeqEvento;E;60;1;1;^[1-9][0-9]{0,1}$;;1
70;verEvento;E;60;1;1;^[0-9]{1,2}\.[0-9]{2}$;;1
71;detEvento;G;60;1;1;;;1
72;Signature;G;58;1;1;;http://www.w3.org/2000/09/xmldsig#;1
73;versao;A;71;1;1;^[0-9]{1,2}\.[0-9]{2}$;;1
74;descEvento;E;71;1;1;^(Cancelamento|Cancelamento por substituicao)$;;1
75;cOrgaoAutor;E;71;0;1;^[0-9]{2}$;;1
76;tpAutor;E;71;0;1;^(1|2|3|9)$;;1
77;verAplic;E;71;0;1;^[0-9]{1,20}$;;1
78;nProt;E;71;1;1;^[0-9]{15}$;;1
79;xJust;E;71;1;1;^[0-9]{15,255}$;;1
80;chNFeRef;E;71;0;1;^[0-9]{44}$;;1
81;versao;A;71;1;1;^[0-9]{1,2}\.[0-9]{2}$;;1
82;descEvento;E;71;1;1;^Carta de Correcao$;;1
83;xCorrecao;E;71;1;1;^[ -ÿ]{15,1000}$;;1
84;xCondUso;E;71;1;1;"^A Carta de Correcao e disciplinada pelo paragrafo 1o-A do art. 7o do Convenio S/N, de 15 de dezembro de 1970 e pode ser utilizada para regularizacao de erro ocorrido na emissao de documento fiscal, desde que o erro nao esteja relacionado com: I - as variaveis que determinam o valor do imposto tais como: base de calculo, aliquota, diferenca de preco, quantidade, valor da operacao ou da prestacao; II - a correcao de dados cadastrais que implique mudanca do remetente ou do destinatario; III - a data de emissao ou de saida.$";;1
85;versao;A;71;1;1;^[0-9]{1,2}\.[0-9]{2}$;;1
86;descEvento;E;71;1;1;^Confirmacao da Operacao|Ciencia da Operacao|Desconhecimento da Operacao|Operacao nao Realizada$;;1
87;xJust;E;71;0;1;^[ -ÿ]{15,255}$;;1
88;versao;A;71;1;1;^[0-9]{1,2}\.[0-9]{2}$;;1
89;descEvento;E;71;1;1;^EPEC$;;1
90;cOrgaoAutor;E;71;1;1;^[0-9]{2}$;;1
91;tpAutor;E;71;1;1;^(1|2|3|9)$;;1
92;verAplic;E;71;1;1;^[0-9]{1,20}$;;1
93;dhEmi;E;71;1;1;^[0-9]{4}\-(0[1-9]|1[0-2])\-(0[1-9]|[1-2][0-9]|3[0-1])T([0-1][0-9]|2[0-3]):([0-5][0-9]):([0-5][0-9])[\+\-](0[0-9]|1[0-2]):([0-5][0-9])$;;1
94;tpNF;E;71;1;1;^(0|1)$;;1
95;IE;E;71;1;1;^[0-9]{1,20}$;;1
96;dest;G;71;1;1;;;1
97;UF;E;96;1;1;^AM$;;1
98;CNPJ;CE;96;1;1;^[0-9]{14}$;;1
99;CPF;CE;96;1;1;^[0-9]{11}$;;1
100;idEstrangeiro;CE;96;1;1;^([a-zA-Z0-9]{5,20}){0,1}$;;1
101;IE;E;96;0;1;^[0-9]{2,14}$;;1
102;vNF;E;71;1;1;^[1-9][0-9]{12}\.[0-9]{2}$;;1
103;vICMS;E;71;1;1;^[1-9][0-9]{12}\.[0-9]{2}$;;1
104;vST;E;71;1;1;^[1-9][0-9]{12}\.[0-9]{2}$;;1
105;versao;A;71;1;1;^[0-9]{1,2}\.[0-9]{2}$;;1
106;descEvento;E;71;1;1;^Pedido de Prorrogacao$;;1
107;nProt;E;71;1;1;^[0-9]{15}$;;1
108;itemPedido;G;71;1;990;;;1
109;numItem;A;71;1;1;^[1-9][0-9]{1,2}$;;1
110;qtdeItem;E;71;1;1;^[1-9][0-9]{10}(\.[0-9]{1,4}){0,1}$;;1
111;versao;A;71;1;1;^[0-9]{1,2}\.[0-9]{2}$;;1
112;descEvento;E;71;1;1;^Pedido de Prorrogacao$;;1
113;cOrgaoAutor;E;71;1;1;^[0-9]{2}$;;1
114;tpAutor;E;71;1;1;^(1|2|3|9)$;;1
115;verAplic;E;71;1;1;^[0-9]{1,20}$;;1
116;autXML;G;71;1;1;;;1
117;CNPJ;CE;116;1;1;^[0-9]{14}$;;1
118;CPF;CE;116;1;1;^[0-9]{11}$;;1
119;tpAutorizacao;E;71;0;1;^(0|1)$;;1
120;xCondUso;E;71;1;1;^O emitente ou destinatário da NF-e, declara que permite o transportador declarado no campo CNPJ/CPF deste evento a autorizar os transportadores subcontratados ou redespachados a terem acesso ao download da NF-e$;;1
121;infNFe;G;5;1;1;;;1
122;versao;A;121;1;1;^4\.00$;;1
123;Id;A;121;1;1;^NFe[0-9]{44}$;;1
124;pk_nItem;RC;;1;1;;;1
125;ide;G;121;1;1;;;1
126;cUF;E;125;1;1;^(11|12|13|14|15|16|17|21|22|23|24|25|26|27|28|29|31|32|33|35|41|42|43|50|51|52|53)$;;1
127;cNF;E;125;1;1;^[0-9]{8}$;;1
128;natOp;E;125;1;1;^[!-ÿ]{1}[ -ÿ]{0,}[!-ÿ]{1}|[!-ÿ]{1}$;;1
129;mod;E;125;1;1;^(55|65)$;;1
130;serie;E;125;1;1;^(0|[1-9]{1}[0-9]{0,2})$;;1
131;nNF;E;125;1;1;^[1-9]{1}[0-9]{0,8}$;;1
132;dhEmi;E;125;1;1;^(((20(([02468][048])|([13579][26]))-02-29))|(20[0-9][0-9])-((((0[1-9])|(1[0-2]))-((0[1-9])|(1\d)|(2[0-8])))|((((0[13578])|(1[02]))-31)|(((0[1,3-9])|(1[0-2]))-(29|30)))))T(20|21|22|23|[0-1]\d):[0-5]\d:[0-5]\d([\-,\+](0[0-9]|10|11):00|([\+](12):00))$;;1
133;dhSaiEnt;E;125;0;1;^(((20(([02468][048])|([13579][26]))-02-29))|(20[0-9][0-9])-((((0[1-9])|(1[0-2]))-((0[1-9])|(1\d)|(2[0-8])))|((((0[13578])|(1[02]))-31)|(((0[1,3-9])|(1[0-2]))-(29|30)))))T(20|21|22|23|[0-1]\d):[0-5]\d:[0-5]\d([\-,\+](0[0-9]|10|11):00|([\+](12):00))$;;1
134;tpNF;E;125;1;1;^[01]$;;1
135;idDest;E;125;1;1;^[123]$;;1
136;cMunFG;E;125;1;1;^[0-9]{7}$;;1
137;tpImp;E;125;1;1;^[012345]$;;1
138;tpEmis;E;125;1;1;^[12345679]$;;1
139;cDV;E;125;1;1;^[0-9]$;;1
140;tpAmb;E;125;1;1;^[12]$;;1
141;finNFe;E;125;1;1;^[1234]$;;1
142;indFinal;E;125;1;1;^[01]$;;1
143;indPres;E;125;1;1;^[0123459]$;;1
144;indIntermed;E;125;0;1;^[01]$;;0
145;procEmi;E;125;1;1;^[0123]$;;1
146;verProc;E;125;1;1;^[a-zA-Z0-9]{1,20}$;;1
147;grupo_contingencia;GO;125;0;1;;;1
148;dhCont;E;147;1;1;^(((20(([02468][048])|([13579][26]))-02-29))|(20[0-9][0-9])-((((0[1-9])|(1[0-2]))-((0[1-9])|(1\d)|(2[0-8])))|((((0[13578])|(1[02]))-31)|(((0[1,3-9])|(1[0-2]))-(29|30)))))T(20|21|22|23|[0-1]\d):[0-5]\d:[0-5]\d([\-,\+](0[0-9]|10|11):00|([\+](12):00))$;;1
149;xJust;E;147;1;1;^[ -ÿ]{15,256}$;;1
150;NFref;G;125;0;500;;;1
151;refNFe;CE;150;1;1;^[0-9]{44}$;;1
152;refNF;CG;150;1;1;;;1
153;cUF;E;152;1;1;^(11|12|13|14|15|16|17|21|22|23|24|25|26|27|28|29|31|32|33|35|41|42|43|50|51|52|53)$;;1
154;AAMM;E;152;1;1;^[0-9]{4}$;;1
155;CNPJ;E;152;1;1;^[0-9]{14}$;;1
156;mod;E;152;1;1;^(01|02)$;;1
157;serie;E;152;1;1;^[0-9]{1,3}$;;1
158;nNF;E;152;1;1;^[1-9]{1,9}$;;1
159;refNFP;CG;150;1;1;;;1
160;cUF;E;159;1;1;^(11|12|13|14|15|16|17|21|22|23|24|25|26|27|28|29|31|32|33|35|41|42|43|50|51|52|53)$;;1
161;AAMM;E;159;1;1;^[0-9]{4}$;;1
162;CNPJ;CE;159;1;1;^[0-9]{14}$;;1
163;CPF;CE;159;1;1;^[0-9]{11}$;;1
164;IE;E;159;1;1;^([0-9]{2,14}|ISENTO)$;;1
165;mod;E;159;1;1;^(04|01)$;;1
166;serie;E;159;1;1;^[0-9]{1,3}$;;1
167;nNF;E;159;1;1;^[0-9]{1,9}$;;1
168;refCTe;CE;159;1;1;^[0-9]{44}$;;1
169;refECF;CG;150;1;1;;;1
170;mod;E;169;1;1;^(2B|2C|2D)$;;1
171;nECF;E;169;1;1;^[0-9]{3}$;;1
172;nCOO;E;169;1;1;^[0-9]{6}$;;1
173;emit;G;121;1;1;;;1
174;CNPJ;CE;173;1;1;^[0-9]{14}$;;1
175;CPF;CE;173;1;1;^[0-9]{11}$;;1
176;xNome;E;173;1;1;^[a-zA-Z0-9]{2,60}$;;1
177;xFant;E;173;0;1;^[a-zA-Z0-9]{1,60}$;;1
178;enderEmit;G;173;1;1;;;1
179;xLgr;E;178;1;1;^[a-zA-Z0-9]{2,60}$;;1
180;nro;E;178;1;1;^[a-zA-Z0-9]{1,60}$;;1
181;xCpl;E;178;0;1;^[a-zA-Z0-9]{1,60}$;;1
182;xBairro;E;178;1;1;^[a-zA-Z0-9]{2,60}$;;1
183;cMun;E;178;1;1;^[0-9]{7}$;;1
184;xMun;E;178;1;1;^[a-zA-Z0-9]{2,60}$;;1
185;UF;E;178;1;1;^(SC|RS|MG|DF|SP|RN|GO|AM|PA|PE|PB|AP|ES|TO|MT|RR|PI|PR|CE|BA|RJ|AC|MA|AL|RO|SE|MS)$;;1
186;CEP;E;178;1;1;^[0-9]{8}$;;1
187;cPais;E;178;0;1;^1058$;;1
188;xPais;E;178;0;1;^(Brasil|BRASIL)$;;1
189;fone;E;178;0;1;^[0-9]{6,14}$;;1
190;IE;E;173;1;1;^[0-9]{2,14}$;;1
191;IEST;E;173;0;1;^[0-9]{2,14}$;;1
192;grupo_dados_fiscais;GO;173;0;1;;;1
193;IM;E;192;1;1;^[a-zA-Z0-9]{1,15}$;;1
194;CNAE;E;192;0;1;^[0-9]{7}$;;1
195;CRT;E;173;1;1;^[123]{1}$;;1
196;avulsa;G;121;0;1;;;1
197;CNPJ;E;196;1;1;^[0-9]{14}$;;1
198;xOrgao;E;196;1;1;^[a-zA-Z0-9]{1,60}$;;1
199;matr;E;196;1;1;^[a-zA-Z0-9]{1,60}$;;1
200;xAgente;E;196;1;1;^[a-zA-Z0-9]{1,60}$;;1
201;fone;E;196;0;1;^[0-9]{6,14}$;;1
202;UF;E;196;1;1;^(SC|RS|MG|DF|SP|RN|GO|AM|PA|PE|PB|AP|ES|TO|MT|RR|PI|PR|CE|BA|RJ|AC|MA|AL|RO|SE|MS)$;;1
203;nDAR;E;196;0;1;^[a-zA-Z0-9]{1,60}$;;1
204;dEmi;E;196;0;1;^(((20(([02468][048])|([13579][26]))-02-29))|(20[0-9][0-9])-((((0[1-9])|(1[0-2]))-((0[1-9])|(1\d)|(2[0-8])))|((((0[13578])|(1[02]))-31)|(((0[1,3-9])|(1[0-2]))-(29|30)))))$;;1
205;vDAR;E;196;0;1;^(0|[1-9][0-9]{0,12})\.[0-9]{2}$;;1
206;repEmi;E;196;1;1;^[a-zA-Z0-9]{1,60}$;;1
207;dPag;E;196;0;1;^(((20(([02468][048])|([13579][26]))-02-29))|(20[0-9][0-9])-((((0[1-9])|(1[0-2]))-((0[1-9])|(1\d)|(2[0-8])))|((((0[13578])|(1[02]))-31)|(((0[1,3-9])|(1[0-2]))-(29|30)))))$;;1
208;dest;G;121;0;1;;;1
209;CNPJ;CE;208;1;1;^[0-9]{14}$;;1
210;CPF;CE;208;1;1;^[0-9]{11}$;;1
211;idEstrangeiro;CE;208;1;1;^([a-zA-Z0-9:\.\+\-\/\(\)]{0}|[a-zA-Z0-9:\.\+\-\/\(\)]{5}|[a-zA-Z0-9:\.\+\-\/\(\)]{20})$;;1
212;xNome;E;208;0;1;^[a-zA-Z0-9]{2,60}$;;1
213;enderDest;G;208;0;1;;;1
214;xLgr;E;213;1;1;^[a-zA-Z0-9]{2,60}$;;1
215;nro;E;213;1;1;^[a-zA-Z0-9]{1,60}$;;1
216;xCpl;E;213;0;1;^[a-zA-Z0-9]{1,60}$;;1
217;xBairro;E;213;1;1;^[a-zA-Z0-9]{2,60}$;;1
218;cMun;E;213;1;1;^[0-9]{7}$;;1
219;xMun;E;213;1;1;^[a-zA-Z0-9]{2,60}$;;1
220;UF;E;213;1;1;^(RO|AC|AM|RR|PA|AP|TO|MA|PI|CE|RN|PB|PE|AL|SE|BA|MG|ES|RJ|SP|PR|SC|RS|MS|MT|GO|DF)$;;1
221;CEP;E;213;0;1;^[0-9]{8}$;;1
222;cPais;E;213;0;1;^(132|153|175|200|230|310|370|400|418|420|434|477|531|590|639|647|655|698|728|736|779|809|817|833|850|876|884|906|930|973|981|990|1015|1023|1058|1082|1112|1155|1198|1279|1376|1414|1457|1490|1504|1508|1511|1538|1546|1589|1600|1619|1635|1651|1694|1732|1775|1830|1872|1902|1937|1953|1961|1988|1988|1996|2003|2291|2321|2356|2399|2402|2437|2445|2453|2461|2470|2496|2518|2534|2550|2593|2674|2712|2755|2810|2852|2895|2917|2925|2933|2976|3018|3050|3093|3131|3174|3212|3255|3298|3310|3344|3379|3417|3433|3450|3514|3557|3573|3595|3599|3611|3654|3697|3727|3751|3794|3832|3867|3913|3930|3964|3999|4030|4111|4200|4235|4260|4278|4316|4340|4383|4405|4421|4456|4472|4499|4499|4502|4525|4553|4588|4618|4642|4677|4723|4740|4766|4774|4855|4880|4885|4898|4901|4936|4944|4952|4979|4985|4995|5010|5053|5070|5088|5118|5177|5215|5258|5282|5312|5355|5380|5428|5452|5487|5517|5568|5665|5738|5754|5762|5780|5800|5860|5894|5932|5991|6033|6076|6114|6238|6254|6289|6408|6475|6602|6653|6700|6750|6769|6777|6858|6874|6904|6912|6955|6939|6971|6980|6998|7005|7056|7102|7153|7200|7285|7315|7358|7370|7412|7447|7480|7501|7544|7544|7552|7560|7595|7600|7641|7676|7706|7722|7765|7803|7811|7820|7838|7889|7919|7951|8001|8052|8109|8150|8206|8230|8249|8273|8281|8311|8338|8451|8478|8486|8508|8583|8630|8664|8702|8753|8737|8885|8907)$;;1
223;xPais;E;213;0;1;^[a-zA-Z0-9]{2,60}$;;1
224;fone;E;213;0;1;^[0-9]{6,14}$;;1
225;indIEDest;E;208;1;1;^[129]$;;1
226;IE;E;213;0;1;^[0-9]{2,14}$;;1
227;ISUF;E;213;0;1;^[0-9]{8,9}$;;1
228;IM;E;213;0;1;^[a-zA-Z0-9]{1,15}$;;1
229;email;E;213;0;1;^[a-zA-Z0-9@\.]{6,60}$;;1
230;retirada;G;121;0;1;;;1
231;CNPJ;CE;230;1;1;^[0-9]{14}$;;1
232;CPF;CE;230;1;1;^[0-9]{11}$;;1
233;xNome;E;230;0;1;^[a-zA-Z0-9]{2,60}$;;1
234;xLgr;E;230;1;1;^[a-zA-Z0-9]{2,60}$;;1
235;nro;E;230;1;1;^[a-zA-Z0-9]{1,60}$;;1
236;xCpl;E;230;0;1;^[a-zA-Z0-9]{1,60}$;;1
237;xBairro;E;230;1;1;^[a-zA-Z0-9]{2,60}$;;1
238;cMun;E;230;1;1;^[0-9]{7}$;;1
239;xMun;E;230;1;1;^[a-zA-Z0-9]{2,60}$;;1
240;UF;E;230;1;1;^(RO|AC|AM|RR|PA|AP|TO|MA|PI|CE|RN|PB|PE|AL|SE|BA|MG|ES|RJ|SP|PR|SC|RS|MS|MT|GO|DF|EX)$;;1
241;CEP;E;230;0;1;^[0-9]{8}$;;1
242;cPais;E;230;0;1;^(132|153|175|200|230|310|370|400|418|420|434|477|531|590|639|647|655|698|728|736|779|809|817|833|850|876|884|906|930|973|981|990|1015|1023|1058|1082|1112|1155|1198|1279|1376|1414|1457|1490|1504|1508|1511|1538|1546|1589|1600|1619|1635|1651|1694|1732|1775|1830|1872|1902|1937|1953|1961|1988|1988|1996|2003|2291|2321|2356|2399|2402|2437|2445|2453|2461|2470|2496|2518|2534|2550|2593|2674|2712|2755|2810|2852|2895|2917|2925|2933|2976|3018|3050|3093|3131|3174|3212|3255|3298|3310|3344|3379|3417|3433|3450|3514|3557|3573|3595|3599|3611|3654|3697|3727|3751|3794|3832|3867|3913|3930|3964|3999|4030|4111|4200|4235|4260|4278|4316|4340|4383|4405|4421|4456|4472|4499|4499|4502|4525|4553|4588|4618|4642|4677|4723|4740|4766|4774|4855|4880|4885|4898|4901|4936|4944|4952|4979|4985|4995|5010|5053|5070|5088|5118|5177|5215|5258|5282|5312|5355|5380|5428|5452|5487|5517|5568|5665|5738|5754|5762|5780|5800|5860|5894|5932|5991|6033|6076|6114|6238|6254|6289|6408|6475|6602|6653|6700|6750|6769|6777|6858|6874|6904|6912|6955|6939|6971|6980|6998|7005|7056|7102|7153|7200|7285|7315|7358|7370|7412|7447|7480|7501|7544|7544|7552|7560|7595|7600|7641|7676|7706|7722|7765|7803|7811|7820|7838|7889|7919|7951|8001|8052|8109|8150|8206|8230|8249|8273|8281|8311|8338|8451|8478|8486|8508|8583|8630|8664|8702|8753|8737|8885|8907)$;;1
243;xPais;E;230;0;1;^[a-zA-Z0-9]{2,60}$;;1
244;fone;E;230;0;1;^[0-9]{6,14}$;;1
245;email;E;230;0;1;^[a-zA-Z0-9@\.]{6,60}$;;1
246;IE;E;230;0;1;^[0-9]{2,14}$;;1
247;entrega;G;121;0;1;;;1
248;CNPJ;CE;247;1;1;^[0-9]{14}$;;1
249;CPF;CE;247;1;1;^[0-9]{11}$;;1
250;xNome;E;247;0;1;^[a-zA-Z0-9]{2,60}$;;1
251;xLgr;E;247;1;1;^[a-zA-Z0-9]{2,60}$;;1
252;nro;E;247;1;1;^[a-zA-Z0-9]{1,60}$;;1
253;xCpl;E;247;0;1;^[a-zA-Z0-9]{1,60}$;;1
254;xBairro;E;247;1;1;^[a-zA-Z0-9]{2,60}$;;1
255;cMun;E;247;1;1;^[0-9]{7}$;;1
256;xMun;E;247;1;1;^[a-zA-Z0-9]{2,60}$;;1
257;UF;E;247;1;1;^(RO|AC|AM|RR|PA|AP|TO|MA|PI|CE|RN|PB|PE|AL|SE|BA|MG|ES|RJ|SP|PR|SC|RS|MS|MT|GO|DF|EX)$;;1
258;CEP;E;247;0;1;^[0-9]{8}$;;1
259;cPais;E;247;0;1;^(132|153|175|200|230|310|370|400|418|420|434|477|531|590|639|647|655|698|728|736|779|809|817|833|850|876|884|906|930|973|981|990|1015|1023|1058|1082|1112|1155|1198|1279|1376|1414|1457|1490|1504|1508|1511|1538|1546|1589|1600|1619|1635|1651|1694|1732|1775|1830|1872|1902|1937|1953|1961|1988|1988|1996|2003|2291|2321|2356|2399|2402|2437|2445|2453|2461|2470|2496|2518|2534|2550|2593|2674|2712|2755|2810|2852|2895|2917|2925|2933|2976|3018|3050|3093|3131|3174|3212|3255|3298|3310|3344|3379|3417|3433|3450|3514|3557|3573|3595|3599|3611|3654|3697|3727|3751|3794|3832|3867|3913|3930|3964|3999|4030|4111|4200|4235|4260|4278|4316|4340|4383|4405|4421|4456|4472|4499|4499|4502|4525|4553|4588|4618|4642|4677|4723|4740|4766|4774|4855|4880|4885|4898|4901|4936|4944|4952|4979|4985|4995|5010|5053|5070|5088|5118|5177|5215|5258|5282|5312|5355|5380|5428|5452|5487|5517|5568|5665|5738|5754|5762|5780|5800|5860|5894|5932|5991|6033|6076|6114|6238|6254|6289|6408|6475|6602|6653|6700|6750|6769|6777|6858|6874|6904|6912|6955|6939|6971|6980|6998|7005|7056|7102|7153|7200|7285|7315|7358|7370|7412|7447|7480|7501|7544|7544|7552|7560|7595|7600|7641|7676|7706|7722|7765|7803|7811|7820|7838|7889|7919|7951|8001|8052|8109|8150|8206|8230|8249|8273|8281|8311|8338|8451|8478|8486|8508|8583|8630|8664|8702|8753|8737|8885|8907)$;;1
260;xPais;E;247;0;1;^[a-zA-Z0-9]{2,60}$;;1
261;fone;E;247;0;1;^[0-9]{6,14}$;;1
262;email;E;247;0;1;^[a-zA-Z0-9@\.]{6,60}$;;1
263;IE;E;247;0;1;^[0-9]{2,14}$;;1
264;autXML;G;121;0;10;;;1
265;CNPJ;CE;264;1;1;^[0-9]{14}$;;1
266;CPF;CE;264;1;1;^[0-9]{11}$;;1
267;det;G;121;1;990;;;1
268;nItem;A;267;1;1;^[1-9]{1}[0-9]{0,1}|[1-8]{1}[0-9]{2}|[9]{1}[0-8]{1}[0-9]{1}|[9]{1}[9]{1}[0]{1}$;;1
269;prod;G;267;1;1;;;1
270;cProd;E;269;1;1;^[a-zA-Z0-9]{1,60}$;;1
271;cEAN;E;269;1;1;^[0-9]{8}|[0-9]{12,14}$;;1
272;xProd;E;269;1;1;^[a-zA-Z0-9]{1,120}$;;1
273;NCM;E;269;1;1;^([0-9]{2}|[0-9]{8})$;;1
274;NVE;E;269;0;8;^[A-Z]{2}[0-9]{4}$;;1
275;grupo_producao;GO;269;0;1;;;1
276;CEST;E;275;1;1;^[0-9]{7}$;;1
277;indEscala;E;275;0;1;^[a-zA-Z0-9]{1}$;;1
278;CNPJFab;E;275;0;1;^[0-9]{14}$;;1
279;cBenef;E;269;0;1;^([a-zA-Z0-9]{8}|[a-zA-Z0-9]{10})$;;1
280;EXTIPI;E;269;0;1;^[0-9]{2,3}$;;1
281;CFOP;E;269;1;1;^[0-9]{4}$;;1
282;uCom;E;269;1;1;^[a-zA-Z0-9]{1,6}$;;1
283;qCom;E;269;1;1;^[1-9][0-9]{0,10}(\.[0-9]{1,4}){0,1}$;;1
284;vUnCom;E;269;1;1;^(0|[1-9][0-9]{0,10})(\.[0-9]{1,10}){0,1}$;;1
285;vProd;E;269;1;1;^(0|[1-9][0-9]{0,12})\.[0-9]{2}$;;1
286;cEANTrib;E;269;1;1;^([a-zA-Z0-9]{8}|[a-zA-Z0-9]{12}|[a-zA-Z0-9]{13}|[a-zA-Z0-9]{14})$;;1
287;uTrib;E;269;1;1;^[a-zA-Z0-9]{1,6}$;;1
288;qTrib;E;269;1;1;^(0|[1-9][0-9]{0,10})(\.[0-9]{1,4}){0,1}$;;1
289;vUnTrib;E;269;1;1;^(0|[1-9][0-9]{0,10})(\.[0-9]{1,10}){0,1}$;;1
290;vFrete;E;269;0;1;^(0|[1-9][0-9]{0,12})\.[0-9]{2}$;;1
291;vSeg;E;269;0;1;^(0|[1-9][0-9]{0,12})\.[0-9]{2}$;;1
292;vDesc;E;269;0;1;^(0|[1-9][0-9]{0,12})\.[0-9]{2}$;;1
293;vOutro;E;269;0;1;^(0|[1-9][0-9]{0,12})\.[0-9]{2}$;;1
294;indTot;E;269;1;1;^[01]{1}$;;1
295;DI;G;269;0;100;;;1
296;nDI;E;295;1;1;^[a-zA-Z0-9]{1,12}$;;1
297;dDI;E;295;1;1;^[0-9]{4}-([0-1][1-9]|1[0-2])-(0[0-9]|[1-2][0-9]|3[0-1])$;;1
298;xLocDesemb;E;295;1;1;^[a-zA-Z0-9]{1,60}$;;1
299;UFDesemb;E;295;1;1;^[a-zA-Z0-9]{2}$;;1
300;dDesemb;E;295;1;1;^[0-9]{4}-([0-1][1-9]|1[0-2])-(0[0-9]|[1-2][0-9]|3[0-1])$;;1
301;tpViaTransp;E;295;1;1;^0[1234567]$;;1
302;vAFRMM;E;295;0;1;^(0|[1-9][0-9]{0,12})\.[0-9]{2}$;;1
303;tpIntermedio;E;295;1;1;^[123]{1}$;;1
304;CNPJ;E;295;0;1;^[0-9]{14}$;;1
305;UFTerceiro;E;295;0;1;^(RO|AC|AM|RR|PA|AP|TO|MA|PI|CE|RN|PB|PE|AL|SE|BA|MG|ES|RJ|SP|PR|SC|RS|MS|MT|GO|DF|EX)$;;1
306;cExportador;E;295;1;1;^[a-zA-Z0-9]{1,60}$;;1
307;adi;G;295;1;100;;;1
308;nAdicao;E;307;1;1;^[0-9]{1,3}$;;1
309;nSeqAdic;E;307;1;1;^[0-9]{1,3}$;;1
310;cFabricante;E;307;1;1;^[a-zA-Z0-9]{1,60}$;;1
311;vDescDI;E;307;0;1;^(0|[1-9][0-9]{0,12})\.[0-9]{2}$;;1
312;nDraw;E;307;0;1;^([0-9]{9}|[0-9]{11})$;;1
313;detExport;G;269;0;500;;;1
314;nDraw;E;313;0;1;^([0-9]{9}|[0-9]{11})$;;1
315;exportInd;G;313;0;1;;;1
316;nRE;E;315;1;1;^[0-9]{12}$;;1
317;chNFe;E;315;1;1;^[0-9]{44}$;;1
318;qExport;E;315;1;1;^(0|[1-9][0-9]{0,10})\.[0-9]{4}$;;1
319;xPed;E;269;0;1;^[a-zA-Z0-9]{1,15}$;;1
320;nItemPed;E;269;0;1;^[0-9]{6}$;;1
321;nFCI;E;269;0;1;^[0-9A-F\-]{36}$;;1
322;rastro;G;269;0;500;;;1
323;nLote;E;322;1;1;^[a-zA-Z0-9]{1,20}$;;1
324;qLote;E;322;1;1;^(0|[1-9][0-9]{0,7})\.[0-9]{3}$;;1
325;dFab;E;322;1;1;^[0-9]{4}-([0-1][1-9]|1[0-2])-(0[0-9]|[1-2][0-9]|3[0-1])$;;1
326;dVal;E;322;1;1;^[0-9]{4}-([0-1][1-9]|1[0-2])-(0[0-9]|[1-2][0-9]|3[0-1])$;;1
327;cAgreg;E;322;0;1;^[0-9]{1,20}$;;1
328;grupo_veiculos_armas_combustiveis;GO;269;0;1;;;1
329;veicProd;CG;328;1;1;;;1
330;tpOp;E;329;1;1;^[012]{1}$;;1
331;chassi;E;329;1;1;^[a-zA-Z0-9]{17}$;;1
332;cCor;E;329;1;1;^[a-zA-Z0-9]{1,4}$;;1
333;xCor;E;329;1;1;^[a-zA-Z0-9]{1,40}$;;1
334;pot;E;329;1;1;^[a-zA-Z0-9]{1,4}$;;1
335;cilin;E;329;1;1;^[a-zA-Z0-9]{1,4}$;;1
336;pesoL;E;329;1;1;^(0|[1-9][0-9]{0,8})\.[0-9]{4}$;;1
337;pesoB;E;329;1;1;^(0|[1-9][0-9]{0,8})\.[0-9]{4}$;;1
338;nSerie;E;329;1;1;^[a-zA-Z0-9]{1,9}$;;1
339;tpComb;E;329;1;1;^(01|02|03|04|05|06|07|08|09|10|11|12|13|14|15|16|17|18)$;;1
340;nMotor;E;329;1;1;^[a-zA-Z0-9]{1,21}$;;1
341;CMT;E;329;1;1;^(0|[1-9][0-9]{0,8})\.[0-9]{4}$;;1
342;dist;E;329;1;1;^[a-zA-Z0-9]{1,4}$;;1
343;anoMod;E;329;1;1;^[0-9]{4}$;;1
344;anoFab;E;329;1;1;^[0-9]{4}$;;1
345;tpPint;E;329;1;1;^[a-zA-Z0-9]{1}$;;1
346;tpVeic;E;329;1;1;^(01|02|03|04|05|06|07|08|10|11|13|14|17|18|19|20|21|22|23|25|26)$;;1
347;espVeic;E;329;1;1;^123456$;;1
348;VIN;E;329;1;1;^[RN]$;;1
349;condVeic;E;329;1;1;^[123]{1}$;;1
350;cMod;E;329;1;1;^[0-9]{1,6}$;;1
351;cCorDENATRAN;E;329;1;1;^(01|02|03|04|05|06|07|08|09|10|11|12|13|14|15|16)$;;1
352;lota;E;329;1;1;^[0-9]{1,3}$;;1
353;tpRest;E;329;1;1;^[012349]{1}$;;1
354;med;CG;328;1;1;;;1
355;cProdANVISA;E;354;1;1;^(ISENTO|[a-zA-Z0-9]{13})$;;1
356;xMotivoIsencao;E;354;0;1;^[a-zA-Z0-9]{1,255}$;;1
357;nLote;E;354;1;1;^[a-zA-Z0-9]{1,20}$;;1
358;qLote;E;354;1;1;^(0|[1-9][0-9]{0,7})\.[0-9]{3}$;;1
359;dFab;E;354;1;1;^[0-9]{4}-([0-1][1-9]|1[0-2])-(0[0-9]|[1-2][0-9]|3[0-1])$;;1
360;dVal;E;354;1;1;^[0-9]{4}-([0-1][1-9]|1[0-2])-(0[0-9]|[1-2][0-9]|3[0-1])$;;1
361;vPMC;E;354;1;1;^(0|[1-9][0-9]{0,12})\.[0-9]{2}$;;1
362;arma;CG;328;1;500;;;1
363;tpArma;E;362;1;1;^[01]{1}$;;1
364;nSerie;E;362;1;1;^[a-zA-Z0-9]{1,15}$;;1
365;nCano;E;362;1;1;^[a-zA-Z0-9]{1,15}$;;1
366;descr;E;362;1;1;^[a-zA-Z0-9]{1,256}$;;1
367;comb;CG;328;1;1;;;1
368;cProdANP;E;367;1;1;^[0-9]{9}$;;1
369;pMixGN;E;367;0;1;^[0-9]{2}\.[0-9]{4}$;;1
370;descANP;E;367;1;1;^[0-9]{2,95}$;;1
371;pGLP;E;367;0;1;^(0|100|[1-9][0-9]{0,1})\.[0-9]{4}$;;1
372;pGNn;E;367;0;1;^(0|100|[1-9][0-9]{0,1})\.[0-9]{4}$;;1
373;pGNi;E;367;0;1;^(0|100|[1-9][0-9]{0,1})\.[0-9]{4}$;;1
374;vPart;E;367;0;1;^(0|[1-9][0-9]{0,12})\.[0-9]{2}$;;1
375;CODIF;E;367;0;1;^[0-9]{1,21}$;;1
376;qTemp;E;367;0;1;^(0|[1-9][0-9]{0,11})\.[0-9]{4}$;;1
377;UFCons;E;367;1;1;^(RO|AC|AM|RR|PA|AP|TO|MA|PI|CE|RN|PB|PE|AL|SE|BA|MG|ES|RJ|SP|PR|SC|RS|MS|MT|GO|DF|EX)$;;1
378;CIDE;G;367;0;1;;;1
379;qBCProd;E;378;1;1;^(0|[1-9][0-9]{0,11})(\.[0-9]{1,4}){0,1}$;;1
380;vAliqProd;E;378;1;1;^(0|[1-9][0-9]{0,10})\.[0-9]{4}$;;1
381;vCIDE;E;378;1;1;^(0|[1-9][0-9]{0,12})\.[0-9]{2}$;;1
382;encerrante;G;367;0;1;;;1
383;nBico;E;382;1;1;^[0-9]{1,3}$;;1
384;nBomba;E;382;0;1;^[0-9]{1,3}$;;1
385;nTanque;E;382;1;1;^[0-9]{1,3}$;;1
386;vEncIni;E;382;1;1;^(0|[1-9][0-9]{0,11})\.[0-9]{3}$;;1
387;vEncFin;E;382;1;1;^(0|[1-9][0-9]{0,11})\.[0-9]{3}$;;1
388;nRECOPI;CE;328;1;1;^[0-9]{20}$;;1
389;imposto;G;267;1;1;;;1
390;vTotTrib;E;389;0;1;^(0|[1-9][0-9]{0,12})\.[0-9]{2}$;;1
391;ICMS;CG;389;1;1;;;1
392;ICMS00;CG;391;1;1;;;1
393;orig;E;392;1;1;^[0-8]{1}$;;1
394;CST;E;392;1;1;^00$;;1
395;modBC;E;392;1;1;^[0-3]{1}$;;1
396;vBC;E;392;1;1;^(0|[1-9][0-9]{0,12})\.[0-9]{2}$;;1
397;pICMS;E;392;1;1;^(0|[1-9][0-9]{0,2})\.[0-9]{2,4}$;;1
398;vICMS;E;392;1;1;^(0|[1-9][0-9]{0,12})\.[0-9]{2}$;;1
399;grupo_fcp;GO;392;0;1;;;1
400;pFCP;E;399;1;1;^(0|[1-9][0-9]{0,2})\.[0-9]{2,4}$;;1
401;vFCP;E;399;1;1;^(0|[1-9][0-9]{0,12})\.[0-9]{2}$;;1
402;ICMS10;CG;391;1;1;;;1
403;orig;E;402;1;1;^[0-8]{1}$;;1
404;CST;E;402;1;1;^10$;;1
405;modBC;E;402;1;1;^[0-3]{1}$;;1
406;vBC;E;402;1;1;^(0|[1-9][0-9]{0,12})\.[0-9]{2}$;;1
407;pICMS;E;402;1;1;^(0|[1-9][0-9]{0,2})\.[0-9]{2,4}$;;1
408;vICMS;E;402;1;1;^(0|[1-9][0-9]{0,12})\.[0-9]{2}$;;1
409;grupo_fcp;GO;402;0;1;;;1
410;vBCFCP;E;409;1;1;^(0|[1-9][0-9]{0,12})\.[0-9]{2}$;;1
411;pFCP;E;409;1;1;^(0|[1-9][0-9]{0,2})\.[0-9]{2,4}$;;1
412;vFCP;E;409;1;1;^(0|[1-9][0-9]{0,12})\.[0-9]{2}$;;1
413;modBCST;E;402;1;1;^[0-6]{1}$;;1
414;pMVAST;E;402;0;1;^(0|[1-9][0-9]{0,2})\.[0-9]{2,4}$;;1
415;pRedBCST;E;402;0;1;^(0|[1-9][0-9]{0,2})\.[0-9]{2,4}$;;1
416;vBCST;E;402;1;1;^(0|[1-9][0-9]{0,12})\.[0-9]{2}$;;1
417;pICMSST;E;402;1;1;^(0|[1-9][0-9]{0,2})\.[0-9]{2,4}$;;1
418;vICMSST;E;402;1;1;^(0|[1-9][0-9]{0,12})\.[0-9]{2}$;;1
419;grupo_fcp_st;GO;402;0;1;;;1
420;vBCFCPST;E;419;1;1;^(0|[1-9][0-9]{0,12})\.[0-9]{2}$;;1
421;pFCPST;E;419;1;1;^(0|[1-9][0-9]{0,2})\.[0-9]{2,4}$;;1
422;vFCPST;E;419;1;1;^(0|[1-9][0-9]{0,12})\.[0-9]{2}$;;1
423;ICMS20;CG;391;1;1;;;1
424;orig;E;423;1;1;^[0-8]{1}$;;1
425;CST;E;423;1;1;^20$;;1
426;modBC;E;423;1;1;^[0-3]{1}$;;1
427;pRedBC;E;423;1;1;^(0|[1-9][0-9]{0,2})\.[0-9]{2,4}$;;1
428;vBC;E;423;1;1;^(0|[1-9][0-9]{0,12})\.[0-9]{2}$;;1
429;pICMS;E;423;1;1;^(0|[1-9][0-9]{0,2})\.[0-9]{2,4}$;;1
430;vICMS;E;423;1;1;^(0|[1-9][0-9]{0,12})\.[0-9]{2}$;;1
431;grupo_fcp;GO;423;0;1;;;1
432;vBCFCP;E;431;1;1;^(0|[1-9][0-9]{0,12})\.[0-9]{2}$;;1
433;pFCP;E;431;1;1;^(0|[1-9][0-9]{0,2})\.[0-9]{2,4}$;;1
434;vFCP;E;431;1;1;^(0|[1-9][0-9]{0,12})\.[0-9]{2}$;;1
435;grupo_desoneracao;GO;423;0;1;;;1
436;vICMSDeson;E;435;1;1;^(0|[1-9][0-9]{0,12})\.[0-9]{2}$;;1
437;motDesICMS;E;435;1;1;^(3|9|12)$;;1
438;ICMS30;CG;391;1;1;;;1
439;orig;E;438;1;1;^[0-8]{1}$;;1
440;CST;E;438;1;1;^30$;;1
441;modBCST;E;438;1;1;^[0-6]{1}$;;1
442;pMVAST;E;438;0;1;^(0|[1-9][0-9]{0,2})\.[0-9]{2,4}$;;1
443;pRedBCST;E;438;0;1;^(0|[1-9][0-9]{0,2})\.[0-9]{2,4}$;;1
444;vBCST;E;438;1;1;^(0|[1-9][0-9]{0,12})\.[0-9]{2}$;;1
445;pICMSST;E;438;1;1;^(0|[1-9][0-9]{0,2})\.[0-9]{2,4}$;;1
446;vICMSST;E;438;1;1;^(0|[1-9][0-9]{0,12})\.[0-9]{2}$;;1
447;grupo_fcp_st;GO;438;0;1;;;1
448;vBCFCPST;E;447;1;1;^(0|[1-9][0-9]{0,12})\.[0-9]{2}$;;1
449;pFCPST;E;447;1;1;^(0|[1-9][0-9]{0,2})\.[0-9]{2,4}$;;1
450;vFCPST;E;447;1;1;^(0|[1-9][0-9]{0,12})\.[0-9]{2}$;;1
451;grupo_desoneracao;GO;438;0;1;;;1
452;vICMSDeson;E;451;1;1;^(0|[1-9][0-9]{0,12})\.[0-9]{2}$;;1
453;motDesICMS;E;451;1;1;^(6|7|9)$;;1
454;ICMS40;CG;391;1;1;;;1
455;orig;E;454;1;1;^[0-8]{1}$;;1
456;CST;E;454;1;1;^(40|41|50)$;;1
457;grupo_desoneracao;GO;454;0;1;;;1
458;vICMSDeson;E;457;1;1;^(0|[1-9][0-9]{0,12})\.[0-9]{2}$;;1
459;motDesICMS;E;457;1;1;^(1|3|4|5|6|7|8|9|10|11|16)$;;1
460;ICMS51;CG;391;1;1;;;1
461;orig;E;460;1;1;^[0-8]{1}$;;1
462;CST;E;460;1;1;^51$;;1
463;modBC;E;460;0;1;^[0-3]{1}$;;1
464;pRedBC;E;460;0;1;^(0|[1-9][0-9]{0,2})\.[0-9]{2,4}$;;1
465;vBC;E;460;0;1;^(0|[1-9][0-9]{0,12})\.[0-9]{2}$;;1
466;pICMS;E;460;0;1;^(0|[1-9][0-9]{0,2})\.[0-9]{2,4}$;;1
467;vICMSOp;E;460;0;1;^(0|[1-9][0-9]{0,12})\.[0-9]{2}$;;1
468;pDif;E;460;0;1;^(0|[1-9][0-9]{0,2})\.[0-9]{2,4}$;;1
469;vICMSDif;E;460;0;1;^(0|[1-9][0-9]{0,12})\.[0-9]{2}$;;1
470;vICMS;E;460;0;1;^(0|[1-9][0-9]{0,12})\.[0-9]{2}$;;1
471;grupo_fcp;GO;460;0;1;;;1
472;vBCFCP;E;471;1;1;^(0|[1-9][0-9]{0,12})\.[0-9]{2}$;;1
473;pFCP;E;471;1;1;^(0|[1-9][0-9]{0,2})\.[0-9]{2,4}$;;1
474;vFCP;E;471;1;1;^(0|[1-9][0-9]{0,12})\.[0-9]{2}$;;1
475;ICMS60;CG;391;1;1;;;1
476;orig;E;475;1;1;^[0-8]{1}$;;1
477;CST;E;475;1;1;^60$;;1
478;grupo_st_ret;GO;475;0;1;;;1
479;vBCSTRet;E;478;1;1;^(0|[1-9][0-9]{0,12})\.[0-9]{2}$;;1
480;pST;E;478;1;1;^(0|[1-9][0-9]{0,2})\.[0-9]{2,4}$;;1
481;vICMSSubstituto;E;478;0;1;^(0|[1-9][0-9]{0,12})\.[0-9]{2}$;;1
482;vICMSSTRet;E;478;1;1;^(0|[1-9][0-9]{0,12})\.[0-9]{2}$;;1
483;grupo_fcp_st_ret;GO;475;0;1;;;1
484;vBCFCPSTRet;E;483;1;1;^(0|[1-9][0-9]{0,12})\.[0-9]{2}$;;1
485;pFCPSTRet;E;483;1;1;^(0|[1-9][0-9]{0,2})\.[0-9]{2,4}$;;1
486;vFCPSTRet;E;483;1;1;^(0|[1-9][0-9]{0,2})\.[0-9]{2,4}$;;1
487;grupo_icms_efet;GO;475;0;1;;;1
488;pRedBCEfet;E;487;1;1;^(0|[1-9][0-9]{0,2})\.[0-9]{2,4}$;;1
489;vBCEfet;E;487;1;1;^(0|[1-9][0-9]{0,12})\.[0-9]{2}$;;1
490;pICMSEfet;E;487;1;1;^(0|[1-9][0-9]{0,2})\.[0-9]{2,4}$;;1
491;vICMSEfet;E;487;1;1;^(0|[1-9][0-9]{0,12})\.[0-9]{2}$;;1
492;ICMS70;CG;391;1;1;;;1
493;orig;E;492;1;1;^[0-8]{1}$;;1
494;CST;E;492;1;1;^70$;;1
495;modBC;E;492;1;1;^[0-3]{1}$;;1
496;pRedBC;E;492;1;1;^(0|[1-9][0-9]{0,2})\.[0-9]{2,4}$;;1
497;vBC;E;492;1;1;^(0|[1-9][0-9]{0,12})\.[0-9]{2}$;;1
498;pICMS;E;492;1;1;^(0|[1-9][0-9]{0,2})\.[0-9]{2,4}$;;1
499;vICMS;E;492;1;1;^(0|[1-9][0-9]{0,12})\.[0-9]{2}$;;1
500;grupo_fcp;GO;492;0;1;;;1
501;vBCFCP;E;500;1;1;^(0|[1-9][0-9]{0,12})\.[0-9]{2}$;;1
502;pFCP;E;500;1;1;^(0|[1-9][0-9]{0,2})\.[0-9]{2,4}$;;1
503;vFCP;E;500;1;1;^(0|[1-9][0-9]{0,12})\.[0-9]{2}$;;1
504;modBCST;E;500;1;1;^[0-6]{1}$;;1
505;pMVAST;E;500;0;1;^(0|[1-9][0-9]{0,2})\.[0-9]{2,4}$;;1
506;pRedBCST;E;500;0;1;^(0|[1-9][0-9]{0,2})\.[0-9]{2,4}$;;1
507;vBCST;E;500;1;1;^(0|[1-9][0-9]{0,12})\.[0-9]{2}$;;1
508;pICMSST;E;500;1;1;^(0|[1-9][0-9]{0,2})\.[0-9]{2,4}$;;1
509;vICMSST;E;500;1;1;^(0|[1-9][0-9]{0,12})\.[0-9]{2}$;;1
510;grupo_fcp_st;GO;492;0;1;;;1
511;vBCFCPST;E;510;1;1;^(0|[1-9][0-9]{0,12})\.[0-9]{2}$;;1
512;pFCPST;E;510;1;1;^(0|[1-9][0-9]{0,2})\.[0-9]{2,4}$;;1
513;vFCPST;E;510;1;1;^(0|[1-9][0-9]{0,12})\.[0-9]{2}$;;1
514;grupo_desoneracao;GO;492;0;1;;;1
515;vICMSDeson;E;514;1;1;^(0|[1-9][0-9]{0,12})\.[0-9]{2}$;;1
516;motDesICMS;E;514;1;1;^(3|9|12)$;;1
517;ICMS90;CG;391;1;1;;;1
518;orig;E;517;1;1;^[0-8]{1}$;;1
519;CST;E;517;1;1;^90$;;1
520;grupo_icms;GO;517;0;1;;;1
521;modBC;E;520;1;1;^[0-3]{1}$;;1
522;vBC;E;520;1;1;^(0|[1-9][0-9]{0,12})\.[0-9]{2}$;;1
523;pRedBC;E;520;0;1;^(0|[1-9][0-9]{0,2})\.[0-9]{2,4}$;;1
524;pICMS;E;520;1;1;^(0|[1-9][0-9]{0,2})\.[0-9]{2,4}$;;1
525;vICMS;E;520;1;1;^(0|[1-9][0-9]{0,12})\.[0-9]{2}$;;1
526;grupo_fcp;GO;517;0;1;;;1
527;vBCFCP;E;526;1;1;^(0|[1-9][0-9]{0,12})\.[0-9]{2}$;;1
528;pFCP;E;526;1;1;^(0|[1-9][0-9]{0,2})\.[0-9]{2,4}$;;1
529;vFCP;E;526;1;1;^(0|[1-9][0-9]{0,12})\.[0-9]{2}$;;1
530;grupo_icms_st;GO;517;0;1;;;1
531;modBCST;E;530;1;1;^[0-6]{1}$;;1
532;pMVAST;E;530;0;1;^(0|[1-9][0-9]{0,2})\.[0-9]{2,4}$;;1
533;pRedBCST;E;530;0;1;^(0|[1-9][0-9]{0,2})\.[0-9]{2,4}$;;1
534;vBCST;E;530;1;1;^(0|[1-9][0-9]{0,12})\.[0-9]{2}$;;1
535;pICMSST;E;530;1;1;^(0|[1-9][0-9]{0,2})\.[0-9]{2,4}$;;1
536;vICMSST;E;530;1;1;^(0|[1-9][0-9]{0,12})\.[0-9]{2}$;;1
537;grupo_fcp_st;GO;530;0;1;;;1
538;vBCFCPST;E;537;1;1;^(0|[1-9][0-9]{0,12})\.[0-9]{2}$;;1
539;pFCPST;E;537;1;1;^(0|[1-9][0-9]{0,2})\.[0-9]{2,4}$;;1
540;vFCPST;E;537;1;1;^(0|[1-9][0-9]{0,12})\.[0-9]{2}$;;1
541;grupo_desoneracao;GO;517;0;1;;;1
542;vICMSDeson;E;541;1;1;^(0|[1-9][0-9]{0,12})\.[0-9]{2}$;;1
543;motDesICMS;E;541;1;1;^(3|9|12)$;;1
544;ICMSPart;CG;391;1;1;;;1
545;orig;E;544;1;1;^[0-8]{1}$;;1
546;CST;E;544;1;1;^(10|90)$;;1
547;modBC;E;544;1;1;^[0-3]{1}$;;1
548;vBC;E;544;1;1;^(0|[1-9][0-9]{0,12})\.[0-9]{2}$;;1
549;pRedBC;E;544;0;1;^(0|[1-9][0-9]{0,2})\.[0-9]{2,4}$;;1
550;pICMS;E;544;1;1;^(0|[1-9][0-9]{0,2})\.[0-9]{2,4}$;;1
551;vICMS;E;544;1;1;^(0|[1-9][0-9]{0,12})\.[0-9]{2}$;;1
552;modBCST;E;544;1;1;^[0-6]{1}$;;1
553;pMVAST;E;544;0;1;^(0|[1-9][0-9]{0,2})\.[0-9]{2,4}$;;1
554;pRedBCST;E;544;0;1;^(0|[1-9][0-9]{0,2})\.[0-9]{2,4}$;;1
555;vBCST;E;544;1;1;^(0|[1-9][0-9]{0,12})\.[0-9]{2}$;;1
556;pICMSST;E;544;1;1;^(0|[1-9][0-9]{0,2})\.[0-9]{2,4}$;;1
557;vICMSST;E;544;1;1;^(0|[1-9][0-9]{0,12})\.[0-9]{2}$;;1
558;pBCOp;E;544;1;1;^(0|[1-9][0-9]{0,2})\.[0-9]{2,4}$;;1
559;UFST;E;544;1;1;^(RO|AC|AM|RR|PA|AP|TO|MA|PI|CE|RN|PB|PE|AL|SE|BA|MG|ES|RJ|SP|PR|SC|RS|MS|MT|GO|DF|EX)$;;1
560;ICMSST;CG;391;1;1;;;1
561;orig;E;560;1;1;^[0-8]{1}$;;1
562;CST;E;560;1;1;^(41|60)$;;1
563;vBCSTRet;E;560;1;1;^(0|[1-9][0-9]{0,12})\.[0-9]{2}$;;1
564;pST;E;560;0;1;^(0|[1-9][0-9]{0,2})\.[0-9]{2,4}$;;1
565;vICMSSubstituto;E;560;0;1;^(0|[1-9][0-9]{0,12})\.[0-9]{2}$;;1
566;vICMSSTRet;E;560;1;1;^(0|[1-9][0-9]{0,12})\.[0-9]{2}$;;1
567;grupo_fcp_st_ret;GO;560;0;1;;;1
568;vBCFCPSTRet;E;567;1;1;^(0|[1-9][0-9]{0,12})\.[0-9]{2}$;;1
569;pFCPSTRet;E;567;1;1;^(0|[1-9][0-9]{0,2})\.[0-9]{2,4}$;;1
570;vFCPSTRet;E;567;1;1;^(0|[1-9][0-9]{0,12})\.[0-9]{2}$;;1
571;vBCSTDest;E;560;1;1;^(0|[1-9][0-9]{0,12})\.[0-9]{2}$;;1
572;vICMSSTDest;E;560;1;1;^(0|[1-9][0-9]{0,12})\.[0-9]{2}$;;1
573;grupo_icms_efet;GO;560;0;1;;;1
574;pRedBCEfet;E;573;1;1;^(0|[1-9][0-9]{0,2})\.[0-9]{2,4}$;;1
575;vBCEfet;E;573;1;1;^(0|[1-9][0-9]{0,12})\.[0-9]{2}$;;1
576;pICMSEfet;E;573;1;1;^(0|[1-9][0-9]{0,2})\.[0-9]{2,4}$;;1
577;vICMSEfet;E;573;1;1;^(0|[1-9][0-9]{0,12})\.[0-9]{2}$;;1
578;ICMSSN101;CG;391;1;1;;;1
579;orig;E;578;1;1;^[0-8]{1}$;;1
580;CSOSN;E;578;1;1;^101$;;1
581;pCredSN;E;578;1;1;^(0|[1-9][0-9]{0,2})\.[0-9]{2,4}$;;1
582;vCredICMSSN;E;578;1;1;^(0|[1-9][0-9]{0,12})\.[0-9]{2}$;;1
583;ICMSSN102;CG;391;1;1;;;1
584;orig;E;583;1;1;^[0-8]{1}$;;1
585;CSOSN;E;583;1;1;^(102|103|300|400)$;;1
586;ICMSSN201;CG;391;1;1;;;1
587;orig;E;586;1;1;^[0-8]{1}$;;1
588;CSOSN;E;586;1;1;^201$;;1
589;modBCST;E;586;1;1;^[0-6]{1}$;;1
590;pMVAST;E;586;0;1;^(0|[1-9][0-9]{0,2})\.[0-9]{2,4}$;;1
591;pRedBCST;E;586;0;1;^(0|[1-9][0-9]{0,2})\.[0-9]{2,4}$;;1
592;vBCST;E;586;1;1;^(0|[1-9][0-9]{0,12})\.[0-9]{2}$;;1
593;pICMSST;E;586;1;1;^(0|[1-9][0-9]{0,2})\.[0-9]{2,4}$;;1
594;vICMSST;E;586;1;1;^(0|[1-9][0-9]{0,12})\.[0-9]{2}$;;1
595;grupo_fcp_st;GO;586;0;1;;;1
596;vBCFCPST;E;595;1;1;^(0|[1-9][0-9]{0,12})\.[0-9]{2}$;;1
597;pFCPST;E;595;1;1;^(0|[1-9][0-9]{0,2})\.[0-9]{2,4}$;;1
598;vFCPST;E;595;1;1;^(0|[1-9][0-9]{0,12})\.[0-9]{2}$;;1
599;pCredSN;E;595;1;1;^(0|[1-9][0-9]{0,2})\.[0-9]{2,4}$;;1
600;vCredICMSSN;E;595;1;1;^(0|[1-9][0-9]{0,12})\.[0-9]{2}$;;1
601;ICMSSN202;CG;391;1;1;;;1
602;orig;E;601;1;1;^[0-8]{1}$;;1
603;CSOSN;E;601;1;1;^(202|203)$;;1
604;modBCST;E;601;1;1;^[0-6]{1}$;;1
605;pMVAST;E;601;0;1;^(0|[1-9][0-9]{0,2})\.[0-9]{2,4}$;;1
606;pRedBCST;E;601;0;1;^(0|[1-9][0-9]{0,2})\.[0-9]{2,4}$;;1
607;vBCST;E;601;1;1;^(0|[1-9][0-9]{0,12})\.[0-9]{2}$;;1
608;pICMSST;E;601;1;1;^(0|[1-9][0-9]{0,2})\.[0-9]{2,4}$;;1
609;vICMSST;E;601;1;1;^(0|[1-9][0-9]{0,12})\.[0-9]{2}$;;1
610;grupo_fcp_st;GO;601;0;1;;;1
611;vBCFCPST;E;610;1;1;^(0|[1-9][0-9]{0,12})\.[0-9]{2}$;;1
612;pFCPST;E;610;1;1;^(0|[1-9][0-9]{0,2})\.[0-9]{2,4}$;;1
613;vFCPST;E;610;1;1;^(0|[1-9][0-9]{0,12})\.[0-9]{2}$;;1
614;ICMSSN500;CG;391;1;1;;;1
615;orig;E;614;1;1;^[0-8]{1}$;;1
616;CSOSN;E;614;1;1;^500$;;1
617;grupo_icms_st_ret;GO;614;0;1;;;1
618;vBCSTRet;E;617;1;1;^(0|[1-9][0-9]{0,12})\.[0-9]{2}$;;1
619;pST;E;617;1;1;^(0|[1-9][0-9]{0,2})\.[0-9]{2,4}$;;1
620;vICMSSubstituto;E;617;0;1;^(0|[1-9][0-9]{0,12})\.[0-9]{2}$;;1
621;vICMSSTRet;E;617;1;1;^(0|[1-9][0-9]{0,12})\.[0-9]{2}$;;1
622;grupo_fcp_st_ret;GO;614;0;1;;;1
623;vBCFCPSTRet;E;622;1;1;^(0|[1-9][0-9]{0,12})\.[0-9]{2}$;;1
624;pFCPSTRet;E;622;1;1;^(0|[1-9][0-9]{0,2})\.[0-9]{2,4}$;;1
625;vFCPSTRet;E;622;1;1;^(0|[1-9][0-9]{0,12})\.[0-9]{2}$;;1
626;grupo_icm_efet;GO;614;0;1;;;1
627;pRedBCEfet;E;626;1;1;^(0|[1-9][0-9]{0,2})\.[0-9]{2,4}$;;1
628;vBCEfet;E;626;1;1;^(0|[1-9][0-9]{0,12})\.[0-9]{2}$;;1
629;pICMSEfet;E;626;1;1;^(0|[1-9][0-9]{0,2})\.[0-9]{2,4}$;;1
630;vICMSEfet;E;626;1;1;^(0|[1-9][0-9]{0,12})\.[0-9]{2}$;;1
631;ICMSSN900;CG;391;1;1;;;1
632;orig;E;631;1;1;^[0-8]{1}$;;1
633;CSOSN;E;631;1;1;^900$;;1
634;grupo_icms;GO;631;0;1;;;1
635;modBC;E;634;1;1;^[0-3]{1}$;;1
636;vBC;E;634;1;1;^(0|[1-9][0-9]{0,12})\.[0-9]{2}$;;1
637;pRedBC;E;634;0;1;^(0|[1-9][0-9]{0,2})\.[0-9]{2,4}$;;1
638;pICMS;E;634;1;1;^(0|[1-9][0-9]{0,2})\.[0-9]{2,4}$;;1
639;vICMS;E;634;1;1;^(0|[1-9][0-9]{0,12})\.[0-9]{2}$;;1
640;grupo_icms_st;GO;631;0;1;;;1
641;modBCST;E;640;1;1;^[0-6]{1}$;;1
642;pMVAST;E;640;0;1;^(0|[1-9][0-9]{0,2})\.[0-9]{2,4}$;;1
643;pRedBCST;E;640;0;1;^(0|[1-9][0-9]{0,2})\.[0-9]{2,4}$;;1
644;vBCST;E;640;1;1;^(0|[1-9][0-9]{0,12})\.[0-9]{2}$;;1
645;pICMSST;E;640;1;1;^(0|[1-9][0-9]{0,2})\.[0-9]{2,4}$;;1
646;vICMSST;E;640;0;1;^(0|[1-9][0-9]{0,12})\.[0-9]{2}$;;1
647;grupo_fcp_st;GO;631;0;1;;;1
648;vBCFCPST;E;647;1;1;^(0|[1-9][0-9]{0,12})\.[0-9]{2}$;;1
649;pFCPST;E;647;1;1;^(0|[1-9][0-9]{0,2})\.[0-9]{2,4}$;;1
650;vFCPST;E;647;1;1;^(0|[1-9][0-9]{0,12})\.[0-9]{2}$;;1
651;grupo_cred_sn;GO;631;0;1;;;1
652;pCredSN;E;651;1;1;^(0|[1-9][0-9]{0,2})\.[0-9]{2,4}$;;1
653;vCredICMSSN;E;651;1;1;^(0|[1-9][0-9]{0,12})\.[0-9]{2}$;;1
654;ICMSUFDest;CG;389;0;1;;;1
655;vBCUFDest;E;654;1;1;^(0|[1-9][0-9]{0,12})\.[0-9]{2}$;;1
656;pFCPUFDest;E;654;1;1;^(0|[1-9][0-9]{0,2})\.[0-9]{2,4}$;;1
657;pICMSUFDest;E;654;0;1;^(0|[1-9][0-9]{0,2})\.[0-9]{2,4}$;;1
658;pICMSInter;E;654;1;1;^(4|7|12)\.00$;;1
659;pICMSInterPart;E;654;1;1;^100\.0{2,4}$;;1
660;vFCPUFDest;E;654;0;1;^(0|[1-9][0-9]{0,12})\.[0-9]{2}$;;1
661;vICMSUFDest;E;654;1;1;^(0|[1-9][0-9]{0,12})\.[0-9]{2}$;;1
662;vICMSUFRemet;E;654;1;1;^(0|[1-9][0-9]{0,12})\.[0-9]{2}$;;1
663;IPI;CG;389;0;1;;;1
664;clEnq;E;663;0;1;^[a-zA-Z0-9]{}$;;1
665;CNPJProd;E;663;0;1;^[0-9]{14}$;;1
666;cSelo;E;663;0;1;^[a-zA-Z0-9]{1,60}$;;1
667;qSelo;E;663;0;1;^[0-9]{1,12}$;;1
668;cEnq;E;663;1;1;^[0-9]{1,3}$;;1
669;IPITrib;CG;663;1;1;;;1
670;CST;E;669;1;1;^(00|49|50|99)$;;1
671;grupo_ipi_aliquota;CGO;669;1;1;;;1
672;vBC;E;671;1;1;^(0|[1-9][0-9]{0,12})\.[0-9]{2}$;;1
673;pIPI;E;671;1;1;^(0|[1-9][0-9]{0,2})\.[0-9]{2,4}$;;1
674;grupo_ipi_valor;CGO;669;1;1;;;1
675;qUnid;E;674;1;1;^(0|[1-9][0-9]{0,11})(\.[0-9]{1,4}){0,1}$;;1
676;vUnid;E;674;1;1;^(0|[1-9][0-9]{0,10})(\.[0-9]{1,4}){0,1}$;;1
677;vIPI;E;669;1;1;^(0|[1-9][0-9]{0,12})\.[0-9]{2}$;;1
678;IPINT;CG;663;1;1;;;1
679;CST;E;678;1;1;^(01|02|03|04|05|51|52|53|54|55)$;;1
680;II;CG;389;0;1;;;1
681;vBC;E;680;1;1;^(0|[1-9][0-9]{0,12})\.[0-9]{2}$;;1
682;vDespAdu;E;680;1;1;^(0|[1-9][0-9]{0,12})\.[0-9]{2}$;;1
683;vII;E;680;1;1;;;1
684;vIOF;E;680;1;1;^(0|[1-9][0-9]{0,12})\.[0-9]{2}$;;1
685;PIS;G;389;0;1;;;1
686;PISAliq;CG;685;1;1;;;1
687;CST;E;686;1;1;^(01|02)$;;1
688;vBC;E;686;1;1;^(0|[1-9][0-9]{0,12})\.[0-9]{2}$;;1
689;pPIS;E;686;1;1;^(0|[1-9][0-9]{0,2})\.[0-9]{2,4}$;;1
690;vPIS;E;686;1;1;^(0|[1-9][0-9]{0,12})\.[0-9]{2}$;;1
691;PISQtde;CG;685;1;1;;;1
692;CST;E;691;1;1;^03$;;1
693;qBCProd;E;691;1;1;^(0|[1-9][0-9]{0,11})(\.[0-9]{1,4}){0,1}$;;1
694;vAliqProd;E;691;1;1;^(0|[1-9][0-9]{0,10})(\.[0-9]{1,4}){0,1}$;;1
695;vPIS;E;691;1;1;^(0|[1-9][0-9]{0,12})\.[0-9]{2}$;;1
696;PISNT;CG;685;1;1;;;1
697;CST;E;696;1;1;^(04|05|06|07|08|09)$;;1
698;PISOutr;CG;685;1;1;;;1
699;CST;E;698;1;1;^(49|50|51|52|53|54|55|56|60|61|62|63|64|65|66|67|70|71|72|73|74|75|98|99)$;;1
700;grupo_pis_aliquota;CGO;698;1;1;;;1
701;vBC;E;700;1;1;^(0|[1-9][0-9]{0,12})\.[0-9]{2}$;;1
702;pPIS;E;700;1;1;^(0|[1-9][0-9]{0,2})\.[0-9]{2,4}$;;1
703;grupo_pis_valor;CGO;698;1;1;;;1
704;qBCProd;E;703;1;1;^(0|[1-9][0-9]{0,11})(\.[0-9]{1,4}){0,1}$;;1
705;vAliqProd;E;703;1;1;^(0|[1-9][0-9]{0,10})(\.[0-9]{1,4}){0,1}$;;1
706;PISST;CG;389;0;1;;;1
707;grupo_pis_st_aliquota;CGO;706;1;1;;;1
708;vBC;E;707;1;1;^(0|[1-9][0-9]{0,12})\.[0-9]{2}$;;1
709;pPIS;E;707;1;1;^(0|[1-9][0-9]{0,2})\.[0-9]{2,4}$;;1
710;grupo_pis_st_valor;CGO;706;1;1;;;1
711;qBCProd;E;710;1;1;^(0|[1-9][0-9]{0,11})(\.[0-9]{1,4}){0,1}$;;1
712;vAliqProd;E;710;1;1;^(0|[1-9][0-9]{0,10})(\.[0-9]{1,4}){0,1}$;;1
713;vPIS;E;706;1;1;^(0|[1-9][0-9]{0,12})\.[0-9]{2}$;;1
714;COFINS;G;389;0;1;;;1
715;COFINSAliq;CG;714;1;1;;;1
716;CST;E;715;1;1;^(01|02)$;;1
717;vBC;E;715;1;1;^(0|[1-9][0-9]{0,12})\.[0-9]{2}$;;1
718;pCOFINS;E;715;1;1;^(0|[1-9][0-9]{0,2})\.[0-9]{2,4}$;;1
719;vCOFINS;E;715;1;1;^(0|[1-9][0-9]{0,12})\.[0-9]{2}$;;1
720;COFINSQtde;CG;714;1;1;;;1
721;CST;E;720;1;1;^03$;;1
722;qBCProd;E;720;1;1;^(0|[1-9][0-9]{0,11})(\.[0-9]{1,4}){0,1}$;;1
723;vAliqProd;E;720;1;1;^(0|[1-9][0-9]{0,10})(\.[0-9]{1,4}){0,1}$;;1
724;vCOFINS;E;720;1;1;^(0|[1-9][0-9]{0,12})\.[0-9]{2}$;;1
725;COFINSNT;CG;714;1;1;;;1
726;CST;E;725;1;1;^(04|05|06|07|08|09)$;;1
727;COFINSOutr;CG;714;1;1;;;1
728;CST;E;727;1;1;^(49|50|51|52|53|54|55|56|60|61|62|63|64|65|66|67|70|71|72|73|74|75|98|99)$;;1
729;grupo_cofins_percentual;CGO;727;1;1;;;1
730;vBC;E;729;1;1;^(0|[1-9][0-9]{0,12})\.[0-9]{2}$;;1
731;pCOFINS;E;729;1;1;^(0|[1-9][0-9]{0,2})\.[0-9]{2,4}$;;1
732;grupo_cofins_valor;CGO;727;1;1;;;1
733;qBCProd;E;732;1;1;^(0|[1-9][0-9]{0,11})(\.[0-9]{1,4}){0,1}$;;1
734;vAliqProd;E;732;1;1;^(0|[1-9][0-9]{0,10})(\.[0-9]{1,4}){0,1}$;;1
735;vCOFINS;E;727;1;1;^(0|[1-9][0-9]{0,12})\.[0-9]{2}$;;1
736;COFINSST;G;389;0;1;;;1
737;grupo_cofins_st_percentual;CGO;736;1;1;;;1
738;vBC;E;737;1;1;^(0|[1-9][0-9]{0,12})\.[0-9]{2}$;;1
739;pCOFINS;E;737;1;1;^(0|[1-9][0-9]{0,2})\.[0-9]{2,4}$;;1
740;grupo_cofins_st_valor;CGO;736;1;1;;;1
741;qBCProd;E;740;1;1;^(0|[1-9][0-9]{0,11})(\.[0-9]{1,4}){0,1}$;;1
742;vAliqProd;E;740;1;1;^(0|[1-9][0-9]{0,10})(\.[0-9]{1,4}){0,1}$;;1
743;vCOFINS;E;736;1;1;^(0|[1-9][0-9]{0,12})\.[0-9]{2}$;;1
744;ISSQN;CG;389;0;1;;;1
745;vBC;E;744;1;1;^(0|[1-9][0-9]{0,12})\.[0-9]{2}$;;1
746;vAliq;E;744;1;1;^(0|[1-9][0-9]{0,2})\.[0-9]{2,4}$;;1
747;vISSQN;E;744;1;1;^(0|[1-9][0-9]{0,12})\.[0-9]{2}$;;1
748;cMunFG;E;744;1;1;^[0-9]{7}$;;1
749;cListServ;E;744;1;1;^[a-zA-Z0-9]{5}$;;1
750;vDeducao;E;744;0;1;^(0|[1-9][0-9]{0,12})\.[0-9]{2}$;;1
751;vOutro;E;744;0;1;^(0|[1-9][0-9]{0,12})\.[0-9]{2}$;;1
752;vDescIncond;E;744;0;1;^(0|[1-9][0-9]{0,12})\.[0-9]{2}$;;1
753;vDescCond;E;744;0;1;^(0|[1-9][0-9]{0,12})\.[0-9]{2}$;;1
754;vISSRet;E;744;0;1;^(0|[1-9][0-9]{0,12})\.[0-9]{2}$;;1
755;indISS;E;744;1;1;^(1|2|3|4|5|6|7)$;;1
756;cServico;E;744;0;1;^[a-zA-Z0-9]{1,20}$;;1
757;cMun;E;744;0;1;^[0-9]{7}$;;1
758;cPais;E;744;0;1;^(132|153|175|200|230|310|370|400|418|420|434|477|531|590|639|647|655|698|728|736|779|809|817|833|850|876|884|906|930|973|981|990|1015|1023|1058|1082|1112|1155|1198|1279|1376|1414|1457|1490|1504|1508|1511|1538|1546|1589|1600|1619|1635|1651|1694|1732|1775|1830|1872|1902|1937|1953|1961|1988|1988|1996|2003|2291|2321|2356|2399|2402|2437|2445|2453|2461|2470|2496|2518|2534|2550|2593|2674|2712|2755|2810|2852|2895|2917|2925|2933|2976|3018|3050|3093|3131|3174|3212|3255|3298|3310|3344|3379|3417|3433|3450|3514|3557|3573|3595|3599|3611|3654|3697|3727|3751|3794|3832|3867|3913|3930|3964|3999|4030|4111|4200|4235|4260|4278|4316|4340|4383|4405|4421|4456|4472|4499|4499|4502|4525|4553|4588|4618|4642|4677|4723|4740|4766|4774|4855|4880|4885|4898|4901|4936|4944|4952|4979|4985|4995|5010|5053|5070|5088|5118|5177|5215|5258|5282|5312|5355|5380|5428|5452|5487|5517|5568|5665|5738|5754|5762|5780|5800|5860|5894|5932|5991|6033|6076|6114|6238|6254|6289|6408|6475|6602|6653|6700|6750|6769|6777|6858|6874|6904|6912|6955|6939|6971|6980|6998|7005|7056|7102|7153|7200|7285|7315|7358|7370|7412|7447|7480|7501|7544|7544|7552|7560|7595|7600|7641|7676|7706|7722|7765|7803|7811|7820|7838|7889|7919|7951|8001|8052|8109|8150|8206|8230|8249|8273|8281|8311|8338|8451|8478|8486|8508|8583|8630|8664|8702|8753|8737|8885|8907)$;;1
759;nProcesso;E;744;0;1;^[a-zA-Z0-9]{1,30}$;;1
760;indIncentivo;E;744;1;1;^[12]$;;1
761;impostoDevol;G;267;0;1;;;1
762;pDevol;E;761;1;1;^0(\.[0-9]{2})?|100(\.00)?|[1-9]{1}[0-9]{0,1}(\.[0-9]{2})?$;;1
763;IPI;G;761;1;1;;;1
764;vIPIDevol;E;763;1;1;^(0|[1-9][0-9]{0,12})\.[0-9]{2}$;;1
765;infAdProd;E;267;0;1;^[a-zA-Z0-9]{1,500}$;;1
766;total;G;121;1;1;;;1
767;ICMSTot;G;766;1;1;;;1
768;vBC;E;767;1;1;^(0|[1-9][0-9]{0,12})\.[0-9]{2}$;;1
769;vICMS;E;767;1;1;^(0|[1-9][0-9]{0,12})\.[0-9]{2}$;;1
770;vICMSDeson;E;767;1;1;^(0|[1-9][0-9]{0,12})\.[0-9]{2}$;;1
771;vFCPUFDest;E;767;0;1;^(0|[1-9][0-9]{0,12})\.[0-9]{2}$;;1
772;vICMSUFDest;E;767;0;1;^(0|[1-9][0-9]{0,12})\.[0-9]{2}$;;1
773;vICMSUFRemet;E;767;0;1;^(0|[1-9][0-9]{0,12})\.[0-9]{2}$;;1
774;vFCP;E;767;1;1;^(0|[1-9][0-9]{0,12})\.[0-9]{2}$;;1
775;vBCST;E;767;1;1;^(0|[1-9][0-9]{0,12})\.[0-9]{2}$;;1
776;vST;E;767;1;1;^(0|[1-9][0-9]{0,12})\.[0-9]{2}$;;1
777;vFCPST;E;767;1;1;^(0|[1-9][0-9]{0,12})\.[0-9]{2}$;;1
778;vFCPSTRet;E;767;1;1;^(0|[1-9][0-9]{0,12})\.[0-9]{2}$;;1
779;vProd;E;767;1;1;^(0|[1-9][0-9]{0,12})\.[0-9]{2}$;;1
780;vFrete;E;767;1;1;^(0|[1-9][0-9]{0,12})\.[0-9]{2}$;;1
781;vSeg;E;767;1;1;^(0|[1-9][0-9]{0,12})\.[0-9]{2}$;;1
782;vDesc;E;767;1;1;^(0|[1-9][0-9]{0,12})\.[0-9]{2}$;;1
783;vII;E;767;1;1;^(0|[1-9][0-9]{0,12})\.[0-9]{2}$;;1
784;vIPI;E;767;1;1;^(0|[1-9][0-9]{0,12})\.[0-9]{2}$;;1
785;vIPIDevol;E;767;1;1;^(0|[1-9][0-9]{0,12})\.[0-9]{2}$;;1
786;vPIS;E;767;1;1;^(0|[1-9][0-9]{0,12})\.[0-9]{2}$;;1
787;vCOFINS;E;767;1;1;^(0|[1-9][0-9]{0,12})\.[0-9]{2}$;;1
788;vOutro;E;767;1;1;^(0|[1-9][0-9]{0,12})\.[0-9]{2}$;;1
789;vNF;E;767;1;1;^(0|[1-9][0-9]{0,12})\.[0-9]{2}$;;1
790;vTotTrib;E;767;0;1;^(0|[1-9][0-9]{0,12})\.[0-9]{2}$;;1
791;ISSQNtot;G;766;0;1;;;1
792;vServ;E;791;0;1;^(0|[1-9][0-9]{0,12})\.[0-9]{2}$;;1
793;vBC;E;791;0;1;^(0|[1-9][0-9]{0,12})\.[0-9]{2}$;;1
794;vISS;E;791;0;1;^(0|[1-9][0-9]{0,12})\.[0-9]{2}$;;1
795;vPIS;E;791;0;1;^(0|[1-9][0-9]{0,12})\.[0-9]{2}$;;1
796;vCOFINS;E;791;0;1;^(0|[1-9][0-9]{0,12})\.[0-9]{2}$;;1
797;dCompet;E;791;0;1;^(((20(([02468][048])|([13579][26]))-02-29))|(20[0-9][0-9])-((((0[1-9])|(1[0-2]))-((0[1-9])|(1\d)|(2[0-8])))|((((0[13578])|(1[02]))-31)|(((0[1,3-9])|(1[0-2]))-(29|30)))))$;;1
798;vDeducao;E;791;0;1;^(0|[1-9][0-9]{0,12})\.[0-9]{2}$;;1
799;vOutro;E;791;0;1;^(0|[1-9][0-9]{0,12})\.[0-9]{2}$;;1
800;vDescIncond;E;791;0;1;^(0|[1-9][0-9]{0,12})\.[0-9]{2}$;;1
801;vDescCond;E;791;0;1;^(0|[1-9][0-9]{0,12})\.[0-9]{2}$;;1
802;vISSRet;E;791;0;1;^(0|[1-9][0-9]{0,12})\.[0-9]{2}$;;1
803;cRegTrib;E;791;0;1;^[123456]$;;1
804;retTrib;G;766;0;1;;;1
805;vRetPIS;E;804;0;1;^(0|[1-9][0-9]{0,12})\.[0-9]{2}$;;1
806;vRetCOFINS;E;804;0;1;^(0|[1-9][0-9]{0,12})\.[0-9]{2}$;;1
807;vRetCSLL;E;804;0;1;^(0|[1-9][0-9]{0,12})\.[0-9]{2}$;;1
808;vBCIRRF;E;804;0;1;^(0|[1-9][0-9]{0,12})\.[0-9]{2}$;;1
809;vIRRF;E;804;0;1;^(0|[1-9][0-9]{0,12})\.[0-9]{2}$;;1
810;vBCRetPrev;E;804;0;1;^(0|[1-9][0-9]{0,12})\.[0-9]{2}$;;1
811;vRetPrev;E;804;0;1;^(0|[1-9][0-9]{0,12})\.[0-9]{2}$;;1
812;transp;G;121;1;1;;;1
813;modFrete;E;812;1;1;^[012349]$;;1
814;transporta;G;812;0;1;;;1
815;CNPJ;CE;814;0;1;^[0-9]{14}$;;1
816;CPF;CE;814;0;1;^[0-9]{11}$;;1
817;xNome;E;814;0;1;^[a-zA-Z0-9]{2,60}$;;1
818;IE;E;814;0;1;^ISENTO|[0-9]{2,14}$;;1
819;xEnder;E;814;0;1;^[a-zA-Z0-9]{1,60}$;;1
820;xMun;E;814;0;1;^[a-zA-Z0-9]{1,60}$;;1
821;UF;E;814;0;1;^(RO|AC|AM|RR|PA|AP|TO|MA|PI|CE|RN|PB|PE|AL|SE|BA|MG|ES|RJ|SP|PR|SC|RS|MS|MT|GO|DF|EX)$;;1
822;retTransp;G;812;0;1;;;1
823;vServ;E;822;1;1;^(0|[1-9][0-9]{0,12})\.[0-9]{2}$;;1
824;vBCRet;E;822;1;1;^(0|[1-9][0-9]{0,12})\.[0-9]{2}$;;1
825;pICMSRet;E;822;1;1;^(0|[1-9][0-9]{0,2})\.[0-9]{2,4}$;;1
826;vICMSRet;E;822;1;1;^(0|[1-9][0-9]{0,12})\.[0-9]{2}$;;1
827;CFOP;E;822;1;1;^(1000|1100|1101|1102|1111|1113|1116|1117|1118|1120|1121|1122|1124|1125|1126|1128|1150|1151|1152|1153|1154|1200|1201|1202|1203|1204|1205|1206|1207|1208|1209|1250|1251|1252|1253|1254|1255|1256|1257|1300|1301|1302|1303|1304|1305|1306|1350|1351|1352|1353|1354|1355|1356|1360|1400|1401|1403|1406|1407|1408|1409|1410|1411|1414|1415|1450|1451|1452|1500|1501|1503|1504|1505|1506|1550|1551|1552|1553|1554|1555|1556|1557|1600|1601|1602|1603|1604|1605|1652|1653|1658|1659|1660|1661|1662|1663|1664|1900|1901|1902|1903|1904|1905|1906|1907|1908|1909|1910|1911|1912|1913|1914|1915|1916|1917|1918|1919|1920|1921|1922|1923|1924|1925|1926|1931|1932|1933|1949|2000|2100|2101|2102|2111|2113|2116|2117|2118|2120|2121|2122|2124|2125|2126|2150|2151|2152|2153|2154|2200|2201|2202|2203|2204|2205|2206|2207|2208|2209|2250|2251|2252|2253|2254|2255|2256|2257|2300|2301|2302|2303|2304|2305|2306|2351|2352|2353|2354|2355|2356|2400|2401|2403|2406|2407|2408|2409|2410|2411|2414|2415|2500|2501|2503|2504|2505|2506|2550|2551|2552|2553|2554|2555|2556|2557|2600|2603|2651|2652|2653|2658|2659|2660|2661|2662|2663|2664|2900|2901|2902|2903|2904|2905|2906|2907|2908|2909|2910|2911|2912|2913|2914|2915|2916|2917|2918|2919|2920|2921|2922|2923|2924|2925|2931|2932|2933|2949|3000|3100|3101|3102|3126|3127|3200|3201|3202|3205|3206|3207|3211|3250|3251|3300|3301|3350|3351|3352|3353|3354|3355|3356|3500|3503|3550|3551|3553|3556|3651|3652|3653|3900|3930|3949|5000|5100|5101|5102|5103|5104|5105|5106|5109|5110|5111|5112|5113|5114|5115|5116|5117|5118|5119|5120|5122|5123|5124|5125|5150|5151|5152|5153|5155|5156|5200|5201|5202|5205|5206|5207|5208|5209|5210|5250|5251|5252|5253|5254|5255|5256|5257|5258|5300|5301|5302|5303|5304|5305|5306|5307|5350|5351|5352|5353|5354|5355|5356|5357|5359|5360|5400|5401|5402|5403|5405|5408|5409|5410|5411|5412|5413|5414|5415|5450|5451|5500|5501|5502|5503|5504|5505|5550|5551|5552|5553|5554|5555|5556|5557|5600|5601|5602|5603|5605|5606|5651|5652|5653|5654|5655|5656|5657|5658|5659|5660|5661|5662|5663|5664|5665|5666|5900|5901|5902|5903|5904|5905|5906|5907|5908|5909|5910|5911|5912|5913|5914|5915|5916|5917|5918|5919|5920|5921|5922|5923|5924|5925|5926|5927|5928|5929|5931|5932|5933|5949|6000|6100|6101|6102|6103|6104|6105|6106|6107|6108|6109|6110|6111|6112|6113|6114|6115|6116|6117|6118|6119|6120|6122|6123|6124|6125|6150|6151|6152|6153|6155|6156|6200|6201|6202|6205|6206|6207|6208|6209|6210|6250|6251|6252|6253|6254|6255|6256|6257|6258|6300|6301|6302|6303|6304|6305|6306|6307|6350|6351|6352|6353|6354|6355|6356|6357|6359|6400|6401|6402|6403|6404|6408|6409|6410|6411|6412|6413|6414|6415|6500|6501|6502|6503|6504|6505|6550|6551|6552|6553|6554|6555|6556|6557|6600|6603|6651|6652|6653|6654|6655|6656|6657|6658|6659|6660|6661|6662|6663|6664|6665|6666|6900|6901|6902|6903|6904|6905|6906|6907|6908|6909|6910|6911|6912|6913|6914|6915|6916|6917|6918|6919|6920|6921|6922|6923|6924|6925|6929|6931|6932|6933|6949|7000|7100|7101|7102|7105|7106|7127|7200|7201|7202|7205|7206|7207|7210|7211|7250|7251|7300|7301|7350|7358|7500|7501|7550|7551|7553|7556|7651|7654|7900|7930|7949)$;;1
828;cMunFG;E;822;1;1;^[0-9]{7}$;;1
829;grupo_veic_transp;CGO;812;0;1;;;1
830;veicTransp;G;829;0;1;;;1
831;placa;E;830;1;1;^[A-Z]{2,3}[0-9]{4}|[A-Z]{3,4}[0-9]{3}$;;1
832;UF;E;830;1;1;^(RO|AC|AM|RR|PA|AP|TO|MA|PI|CE|RN|PB|PE|AL|SE|BA|MG|ES|RJ|SP|PR|SC|RS|MS|MT|GO|DF|EX)$;;1
833;RNTC;E;830;0;1;^[a-zA-Z0-9]{1,20}$;;1
834;reboque;G;829;0;5;;;1
835;placa;E;834;1;1;^[A-Z]{2,3}[0-9]{4}|[A-Z]{3,4}[0-9]{3}$;;1
836;UF;E;834;1;1;^(RO|AC|AM|RR|PA|AP|TO|MA|PI|CE|RN|PB|PE|AL|SE|BA|MG|ES|RJ|SP|PR|SC|RS|MS|MT|GO|DF|EX)$;;1
837;RNTC;E;834;0;1;^[a-zA-Z0-9]{1,20}$;;1
838;vagao;CE;812;0;1;^[a-zA-Z0-9]{1,20}$;;1
839;balsa;CE;812;0;1;^[a-zA-Z0-9]{1,20}$;;1
840;vol;G;812;0;5000;;;1
841;qVol;E;840;0;1;^[0-9]{1,15}$;;1
842;esp;E;840;0;1;^[a-zA-Z0-9]{1,60}$;;1
843;marca;E;840;0;1;^[a-zA-Z0-9]{1,60}$;;1
844;nVol;E;840;0;1;^[a-zA-Z0-9]{1,60}$;;1
845;pesoL;E;840;0;1;^(0|[1-9][0-9]{0,11})\.[0-9]{3}$;;1
846;pesoB;E;840;0;1;^(0|[1-9][0-9]{0,11})\.[0-9]{3}$;;1
847;lacres;G;840;0;5000;;;1
848;nLacre;E;847;1;1;^[a-zA-Z0-9]{1,60}$;;1
849;cobr;G;121;0;1;;;1
850;fat;G;849;0;1;;;1
851;nFat;E;850;0;1;^[a-zA-Z0-9]{1,60}$;;1
852;vOrig;E;850;0;1;^(0|[1-9][0-9]{0,12})\.[0-9]{2}$;;1
853;vDesc;E;850;0;1;^(0|[1-9][0-9]{0,12})\.[0-9]{2}$;;1
854;vLiq;E;850;0;1;^(0|[1-9][0-9]{0,12})\.[0-9]{2}$;;1
855;dup;G;849;0;120;;;1
856;nDup;E;855;0;1;^[0-9]{1,60}$;;1
857;dVenc;E;855;0;1;^(((20(([02468][048])|([13579][26]))-02-29))|(20[0-9][0-9])-((((0[1-9])|(1[0-2]))-((0[1-9])|(1\d)|(2[0-8])))|((((0[13578])|(1[02]))-31)|(((0[1,3-9])|(1[0-2]))-(29|30)))))$;;1
858;vDup;E;855;1;1;^(0|[1-9][0-9]{0,12})\.[0-9]{2}$;;1
859;pag;G;121;1;1;;;1
860;detPag;G;859;1;100;;;1
861;indPag;E;860;0;1;^[01]{1}$;;0
862;tPag;E;860;1;1;^(01|02|03|04|05|10|11|12|13|15|16|17|18|19|90|99)$;;1
863;vPag;E;860;1;1;^(0|[1-9][0-9]{0,12})\.[0-9]{2}$;;1
864;card;G;860;0;1;;;1
865;tpIntegra;E;864;1;1;^[12]{1}$;;1
866;CNPJ;E;864;0;1;^[0-9]{14}$;;1
867;tBand;E;864;0;1;^(01|02|03|04|05|06|07|08|09|99)$;;1
868;cAut;E;864;0;1;^[a-zA-Z0-9]{1,20}$;;1
869;vTroco;E;859;0;1;^(0|[1-9][0-9]{0,12})\.[0-9]{2}$;;1
870;infIntermed;G;121;0;1;;;0
871;CNPJ;E;870;1;1;^[0-9]{14}$;;1
872;idCadIntTtran;R;870;1;1;^[a-zA-Z0-9]{60}$;;1
873;infAdic;G;121;0;1;;;1
874;infAdFisco;E;873;0;1;^[a-zA-Z0-9]{1,2000}$;;1
875;infCpl;E;873;0;1;^[a-zA-Z0-9]{1,5000}$;;1
876;obsCont;G;873;0;10;;;1
877;xCampo;A;876;1;1;^[a-zA-Z0-9]{1,20}$;;1
878;xTexto;E;876;1;1;^[a-zA-Z0-9]{1,60}$;;1
879;obsFisco;F;873;0;10;;;1
880;xCampo;A;879;1;1;^[a-zA-Z0-9]{1,20}$;;1
881;xTexto;E;879;1;1;^[a-zA-Z0-9]{1,60}$;;1
882;procRef;G;873;0;100;;;1
883;nProc;E;882;1;1;^[a-zA-Z0-9]{1,60}$;;1
884;indProc;E;882;1;1;^[01239]{1}$;;1
885;exporta;G;121;0;1;;;1
886;UFSaidaPais;E;885;1;1;^(RO|AC|AM|RR|PA|AP|TO|MA|PI|CE|RN|PB|PE|AL|SE|BA|MG|ES|RJ|SP|PR|SC|RS|MS|MT|GO|DF|EX)$;;1
887;xLocExporta;E;885;1;1;^[a-zA-Z0-9]{1,60}$;;1
888;xLocDespacho;E;885;0;1;^[a-zA-Z0-9]{1,60}$;;1
889;compra;G;121;0;1;;;1
890;xNEmp;E;889;0;1;^[a-zA-Z0-9]{1,22}$;;1
891;xPed;E;889;0;1;^[a-zA-Z0-9]{1,60}$;;1
892;xCont;E;889;0;1;^[a-zA-Z0-9]{1,60}$;;1
893;cana;G;121;0;1;;;1
894;safra;E;893;1;1;^([0-9]{4}|[0-9]{4}\/[0-9]{4})$;;1
895;ref;E;893;1;1;^(0[1-9]|1[0-2])([/][2][0-9][0-9][0-9])$;;1
896;forDia;G;893;1;31;;;1
897;dia;A;896;1;1;^[1-9]|[1][0-9]|[2][0-9]|[3][0-1]$;;1
898;qtde;E;896;1;1;^(0|[1-9][0-9]{0,10})\.[0-9]{10}$;;1
899;qTotMes;E;896;1;1;^(0|[1-9][0-9]{0,10})\.[0-9]{10}$;;1
900;qTotAnt;E;896;1;1;^(0|[1-9][0-9]{0,10})\.[0-9]{10}$;;1
901;qTotGer;E;896;1;1;^(0|[1-9][0-9]{0,10})\.[0-9]{10}$;;1
902;deduc;G;893;0;10;;;1
903;xDed;E;902;1;1;^[a-zA-Z0-9]{1,60}$;;1
904;vDed;E;902;1;1;^(0|[1-9][0-9]{0,12})\.[0-9]{2}$;;1
905;vFor;E;893;1;1;^(0|[1-9][0-9]{0,12})\.[0-9]{2}$;;1
906;vTotDed;E;893;1;1;^(0|[1-9][0-9]{0,12})\.[0-9]{2}$;;1
907;vLiqFor;E;893;1;1;^(0|[1-9][0-9]{0,12})\.[0-9]{2}$;;1
908;infRespTec;G;121;0;1;;;1
909;CNPJ;E;908;1;1;^[0-9]{14}$;;1
910;xContato;E;908;1;1;^[a-zA-Z0-9]{2,60}$;;1
911;email;E;908;1;1;^[a-zA-Z0-9@\.]{6,60}$;;1
912;fone;E;908;1;1;^[0-9]{6,14}$;;1
913;grupo_responsavel_tecnico;GO;908;0;1;;;1
914;idCSRT;E;913;1;1;^[0-9]{2}$;;1
915;hashCSRT;E;913;1;1;^[a-zA-Z0-9]{28}$;;1
916;infNFeSupl;G;5;0;1;;;1
917;qrCode;E;916;1;1;^((HTTPS?|https?)://.*\?chNFe=[0-9]{44}&nVersao=[0-9]{3}&tpAmb=[1-2](&cDest=([A-Za-z0-9.:+-/)(]{0}|[A-Za-z0-9.:+-/)(]{5,20})?)?&dhEmi=[A-Fa-f0-9]{50}&vNF=(0|0\.[0-9]{2}|[1-9]{1}[0-9]{0,12}(\.[0-9]{2})?)&vICMS=(0|0\.[0-9]{2}|[1-9]{1}[0-9]{0,12}(\.[0-9]{2})?)&digVal=[A-Fa-f0-9]{56}&cIdToken=[0-9]{6}&cHashQRCode=[A-Fa-f0-9]{40})$;;1
918;urlChave;E;916;1;1;^https:\/\/[a-zA-Z0-9\?\/\.&=]{13,77}|http:\/\/[a-zA-Z0-9\?\/\.&=]{14,78}$;;1
919;Signature;G;5;1;1;;http://www.w3.org/2000/09/xmldsig#;1
920;SignedInfo;G;919;1;1;;;1
921;CanonicalizationMethod;G;920;1;1;;;1
922;Algorithm;A;921;1;1;^http://www\.w3\.org/TR/2001/REC-xml-c14n-20010315$;;1
923;SignatureMethod;G;920;1;1;;;1
924;Algorithm;A;923;1;1;^http://www\.w3\.org/2000/09/xmldsig#rsa-sha1$;;1
925;Reference;G;920;1;1;;;1
926;URI;A;925;1;1;^[!-ÿ]{2,1000}$;;1
927;Transforms;G;925;1;1;;;1
928;unique_Transf_Alg;RC;927;1;1;;;1
929;Transform;G;927;2;2;;;1
930;Algorithm;A;929;1;1;^(http://www\.w3\.org/TR/2001/REC-xml-c14n-20010315|http://www\.w3\.org/2000/09/xmldsig#enveloped-signature)$;;1
931;XPath;E;929;0;;^[!-ÿ]{2,1000}$;;1
932;DigestMethod;G;925;1;1;;;1
933;Algorithm;A;932;1;1;^http://www\.w3\.org/2000/09/xmldsig#sha1$;;1
934;DigestValue;E;925;1;1;^(([AQgw]\s[A-Za-z0-9+/]\s?[A-Za-z0-9+/]\s?[A-Za-z0-9+/]\s?)*(([A-Za-z0-9+/]\s?[A-Za-z0-9+/]\s?[A-Za-z0-9+/])|([A-Za-z0-9+/][A-Za-z0-9+/]\s?[A-Za-z0-9+/]\s?[AEIMQUYcgkosw048]\s?=)|([A-Za-z0-9+/]\s?[AQgw]\s?=\s?=)))?$;;1
935;SignatureValue;G;919;1;1;;;1
936;KeyInfo;G;919;1;1;;;1
937;X509Data;G;936;1;1;;;1
938;X509Certificate;E;937;1;1;^(([AQgw]\s[A-Za-z0-9+/]\s?[A-Za-z0-9+/]\s?[A-Za-z0-9+/]\s?)*(([A-Za-z0-9+/]\s?[A-Za-z0-9+/]\s?[A-Za-z0-9+/])|([A-Za-z0-9+/][A-Za-z0-9+/]\s?[A-Za-z0-9+/]\s?[AEIMQUYcgkosw048]\s?=)|([A-Za-z0-9+/]\s?[AQgw]\s?=\s?=)))?$;;1
